[{"image": "nouveau_dataset/A/La_vengeance_dans_la_peau.png", "genre": [-1, 1, -1]}, {"image": "nouveau_dataset/A/300.png", "genre": [-1, 1, -1]}, {"image": "nouveau_dataset/A/21_Jump_Street.png", "genre": [-1, 1, 1]}, {"image": "nouveau_dataset/A/Hard_Day.png", "genre": [-1, 1, -1]}, {"image": "nouveau_dataset/A/Layer_Cake.png", "genre": [-1, 1, -1]}, {"image": "nouveau_dataset/A/Section_99.png", "genre": [-1, 1, -1]}, {"image": "nouveau_dataset/A/Iron_Man_2.png", "genre": [-1, 1, -1]}, {"image": "nouveau_dataset/A/John_Wick_Parabellum.png", "genre": [-1, 1, -1]}, {"image": "nouveau_dataset/A/Sicario_la_guerre_des_cartels.png", "genre": [-1, 1, -1]}, {"image": "nouveau_dataset/A/13_Hours.png", "genre": [-1, 1, -1]}, {"image": "nouveau_dataset/A/Black_Panther.png", "genre": [-1, 1, -1]}, {"image": "nouveau_dataset/A/Hunger_Games_La_R\u00e9volte_-_Partie_1.png", "genre": [-1, 1, -1]}, {"image": "nouveau_dataset/A/Boy_Wonder.png", "genre": [-1, 1, -1]}, {"image": "nouveau_dataset/A/John_Carter.png", "genre": [-1, 1, -1]}, {"image": "nouveau_dataset/A/Shi_fu.png", "genre": [-1, 1, -1]}, {"image": "nouveau_dataset/A/Deadpool_2.png", "genre": [-1, 1, 1]}, {"image": "nouveau_dataset/A/3h10_pour_Yuma.png", "genre": [-1, 1, -1]}, {"image": "nouveau_dataset/A/Hot_Fuzz.png", "genre": [-1, 1, 1]}, {"image": "nouveau_dataset/A/Le_fils_de_Rambow.png", "genre": [-1, 1, 1]}, {"image": "nouveau_dataset/A/Old_Boy.png", "genre": [-1, 1, -1]}, {"image": "nouveau_dataset/A/Bienvenue_dans_la_jungle.png", "genre": [-1, 1, 1]}, {"image": "nouveau_dataset/A/Quantum_of_Solace.png", "genre": [-1, 1, -1]}, {"image": "nouveau_dataset/A/RED_2.png", "genre": [-1, 1, 1]}, {"image": "nouveau_dataset/A/I,_Robot.png", "genre": [-1, 1, -1]}, {"image": "nouveau_dataset/A/Infernal_Affairs.png", "genre": [-1, 1, -1]}, {"image": "nouveau_dataset/A/Les_3_royaumes_-_Partie_2.png", "genre": [-1, 1, -1]}, {"image": "nouveau_dataset/A/Equalizer.png", "genre": [-1, 1, -1]}, {"image": "nouveau_dataset/A/La_Plan\u00e8te_des_singes__Supr\u00e9matie.png", "genre": [-1, 1, -1]}, {"image": "nouveau_dataset/A/Logan.png", "genre": [-1, 1, -1]}, {"image": "nouveau_dataset/A/Minority_Report.png", "genre": [-1, 1, -1]}, {"image": "nouveau_dataset/A/Red.png", "genre": [-1, 1, 1]}, {"image": "nouveau_dataset/A/Lucy.png", "genre": [-1, 1, -1]}, {"image": "nouveau_dataset/A/Jurassic_World.png", "genre": [-1, 1, -1]}, {"image": "nouveau_dataset/A/John_Rambo.png", "genre": [-1, 1, -1]}, {"image": "nouveau_dataset/A/Les_sept_mercenaires.png", "genre": [-1, 1, -1]}, {"image": "nouveau_dataset/A/Night_Run.png", "genre": [-1, 1, -1]}, {"image": "nouveau_dataset/A/Le_Seigneur_des_anneaux__Les_Deux_Tours.png", "genre": [-1, 1, -1]}, {"image": "nouveau_dataset/A/Revenge.png", "genre": [1, 1, -1]}, {"image": "nouveau_dataset/A/Die_Hard_4__Retour_en_enfer.png", "genre": [-1, 1, -1]}, {"image": "nouveau_dataset/A/Ready_Player_One.png", "genre": [-1, 1, -1]}, {"image": "nouveau_dataset/A/Sherlock_Junior.png", "genre": [-1, 1, 1]}, {"image": "nouveau_dataset/A/Ratsasan.png", "genre": [-1, 1, -1]}, {"image": "nouveau_dataset/A/Atomic_Blonde.png", "genre": [-1, 1, -1]}, {"image": "nouveau_dataset/A/Avengement.png", "genre": [-1, 1, -1]}, {"image": "nouveau_dataset/A/Expendables_Unit\u00e9_sp\u00e9ciale.png", "genre": [-1, 1, -1]}, {"image": "nouveau_dataset/A/Manhattan_Lockdown.png", "genre": [-1, 1, -1]}, {"image": "nouveau_dataset/A/Kick-Ass.png", "genre": [-1, 1, 1]}, {"image": "nouveau_dataset/A/Fast_and_Furious.png", "genre": [-1, 1, -1]}, {"image": "nouveau_dataset/A/Ong-bak.png", "genre": [-1, 1, -1]}, {"image": "nouveau_dataset/A/Jumanji_The_Next_Level.png", "genre": [-1, 1, 1]}, {"image": "nouveau_dataset/A/Gangs_of_Wasseypur.png", "genre": [-1, 1, 1]}, {"image": "nouveau_dataset/A/Love_and_Monsters.png", "genre": [-1, 1, 1]}, {"image": "nouveau_dataset/A/Hobo_with_a_Shotgun.png", "genre": [1, 1, 1]}, {"image": "nouveau_dataset/A/Mr_Wolff.png", "genre": [-1, 1, -1]}, {"image": "nouveau_dataset/A/Retour_\u00e0_Zombieland.png", "genre": [1, 1, 1]}, {"image": "nouveau_dataset/A/Assi\u00e9g\u00e9s.png", "genre": [-1, 1, -1]}, {"image": "nouveau_dataset/A/Cellule_211.png", "genre": [-1, 1, -1]}, {"image": "nouveau_dataset/A/Ninja_Assassin.png", "genre": [-1, 1, -1]}, {"image": "nouveau_dataset/A/Blade_of_the_Immortal.png", "genre": [-1, 1, -1]}, {"image": "nouveau_dataset/A/Road_of_the_Dead.png", "genre": [1, 1, 1]}, {"image": "nouveau_dataset/A/SPL.png", "genre": [-1, 1, -1]}, {"image": "nouveau_dataset/A/Le_garde_du_corps.png", "genre": [-1, 1, -1]}, {"image": "nouveau_dataset/A/Pirates_des_Cara\u00efbes__Le_Secret_du_coffre_maudit.png", "genre": [-1, 1, -1]}, {"image": "nouveau_dataset/A/Bad_Times.png", "genre": [-1, 1, -1]}, {"image": "nouveau_dataset/A/Greenland_Le_Dernier_Refuge.png", "genre": [-1, 1, -1]}, {"image": "nouveau_dataset/A/Godzilla_vs_Kong.png", "genre": [-1, 1, -1]}, {"image": "nouveau_dataset/A/Godzilla_II__Roi_des_monstres.png", "genre": [-1, 1, -1]}, {"image": "nouveau_dataset/A/Hyper_tension.png", "genre": [-1, 1, -1]}, {"image": "nouveau_dataset/A/First_Love,_le_dernier_Yakuza.png", "genre": [-1, 1, 1]}, {"image": "nouveau_dataset/A/Snowpiercer_Le_Transperceneige.png", "genre": [-1, 1, -1]}, {"image": "nouveau_dataset/A/Free_Fire.png", "genre": [-1, 1, 1]}, {"image": "nouveau_dataset/A/Nuit_blanche.png", "genre": [-1, 1, -1]}, {"image": "nouveau_dataset/A/Chevalier.png", "genre": [-1, 1, -1]}, {"image": "nouveau_dataset/A/Expendables_3.png", "genre": [-1, 1, -1]}, {"image": "nouveau_dataset/A/Le_dernier_samoura\u00ef.png", "genre": [-1, 1, -1]}, {"image": "nouveau_dataset/A/Rogue_One_A_Star_Wars_story.png", "genre": [-1, 1, -1]}, {"image": "nouveau_dataset/A/Sicario.png", "genre": [-1, 1, -1]}, {"image": "nouveau_dataset/A/Dernier_train_pour_Busan.png", "genre": [1, 1, -1]}, {"image": "nouveau_dataset/A/Pirates_des_Cara\u00efbes__La_Vengeance_de_Salazar.png", "genre": [-1, 1, -1]}, {"image": "nouveau_dataset/A/Headshot.png", "genre": [-1, 1, -1]}, {"image": "nouveau_dataset/A/Princesse_Mononok\u00e9.png", "genre": [-1, 1, -1]}, {"image": "nouveau_dataset/A/Matrix.png", "genre": [-1, 1, -1]}, {"image": "nouveau_dataset/A/Scott_Pilgrim.png", "genre": [-1, 1, 1]}, {"image": "nouveau_dataset/A/Dunkerque.png", "genre": [-1, 1, -1]}, {"image": "nouveau_dataset/A/Comancheria.png", "genre": [-1, 1, -1]}, {"image": "nouveau_dataset/A/Alita_Battle_Angel.png", "genre": [-1, 1, -1]}, {"image": "nouveau_dataset/A/Headhunters.png", "genre": [-1, 1, -1]}, {"image": "nouveau_dataset/A/Solo_A_Star_Wars_Story.png", "genre": [-1, 1, -1]}, {"image": "nouveau_dataset/A/Pi\u00e8ge_de_cristal.png", "genre": [-1, 1, -1]}, {"image": "nouveau_dataset/A/Ichi_the_Killer.png", "genre": [1, 1, 1]}, {"image": "nouveau_dataset/A/Baby.png", "genre": [-1, 1, -1]}, {"image": "nouveau_dataset/A/Bad_Boys_for_Life.png", "genre": [-1, 1, 1]}, {"image": "nouveau_dataset/A/Overlord.png", "genre": [1, 1, -1]}, {"image": "nouveau_dataset/A/Hanna.png", "genre": [-1, 1, -1]}, {"image": "nouveau_dataset/A/Blade_Runner.png", "genre": [-1, 1, -1]}, {"image": "nouveau_dataset/A/Mission_Impossible_-_Fallout.png", "genre": [-1, 1, -1]}, {"image": "nouveau_dataset/A/Iron_Man_3.png", "genre": [-1, 1, -1]}, {"image": "nouveau_dataset/A/Love_Exposure.png", "genre": [-1, 1, 1]}, {"image": "nouveau_dataset/A/Blood_and_Bone.png", "genre": [-1, 1, -1]}, {"image": "nouveau_dataset/A/Dredd.png", "genre": [-1, 1, -1]}, {"image": "nouveau_dataset/A/Along_With_the_Gods_The_Two_Worlds.png", "genre": [-1, 1, -1]}, {"image": "nouveau_dataset/A/Avengers_Infinity_War.png", "genre": [-1, 1, -1]}, {"image": "nouveau_dataset/A/Battle_Royale.png", "genre": [-1, 1, -1]}, {"image": "nouveau_dataset/A/Mard_Ko_Dard_Nahin_Hota.png", "genre": [-1, 1, 1]}, {"image": "nouveau_dataset/A/Saat_po_long_2.png", "genre": [-1, 1, -1]}, {"image": "nouveau_dataset/A/Battle_for_honor.png", "genre": [-1, 1, -1]}, {"image": "nouveau_dataset/A/Doctor_Strange.png", "genre": [-1, 1, -1]}, {"image": "nouveau_dataset/A/Dirty_carnival.png", "genre": [-1, 1, -1]}, {"image": "nouveau_dataset/A/Le_secret_des_poignards_volants.png", "genre": [-1, 1, -1]}, {"image": "nouveau_dataset/A/A_Taxi_Driver.png", "genre": [-1, 1, -1]}, {"image": "nouveau_dataset/A/King_Kong.png", "genre": [-1, 1, -1]}, {"image": "nouveau_dataset/A/Ran.png", "genre": [-1, 1, -1]}, {"image": "nouveau_dataset/A/\u00c0_bout_portant.png", "genre": [-1, 1, -1]}, {"image": "nouveau_dataset/A/Gladiator.png", "genre": [-1, 1, -1]}, {"image": "nouveau_dataset/A/Dog_Soldiers.png", "genre": [1, 1, -1]}, {"image": "nouveau_dataset/A/Bon_Cop_Bad_Cop_2.png", "genre": [-1, 1, 1]}, {"image": "nouveau_dataset/A/Indiana_Jones_et_la_derni\u00e8re_croisade.png", "genre": [-1, 1, -1]}, {"image": "nouveau_dataset/A/Danny_the_Dog.png", "genre": [-1, 1, -1]}, {"image": "nouveau_dataset/A/Max_la_menace.png", "genre": [-1, 1, 1]}, {"image": "nouveau_dataset/A/Blood_Father.png", "genre": [-1, 1, -1]}, {"image": "nouveau_dataset/A/D\u00e9j\u00e0_vu.png", "genre": [-1, 1, -1]}, {"image": "nouveau_dataset/A/Deepwater.png", "genre": [-1, 1, -1]}, {"image": "nouveau_dataset/A/Shin_Jingi_no_Hakaba.png", "genre": [-1, 1, -1]}, {"image": "nouveau_dataset/A/Pusher_II_-_Du_sang_sur_les_mains.png", "genre": [-1, 1, -1]}, {"image": "nouveau_dataset/A/Darkland.png", "genre": [-1, 1, -1]}, {"image": "nouveau_dataset/A/District_9.png", "genre": [-1, 1, -1]}, {"image": "nouveau_dataset/A/Pacific_Rim.png", "genre": [-1, 1, -1]}, {"image": "nouveau_dataset/A/36_Quai_des_Orf\u00e8vres.png", "genre": [-1, 1, -1]}, {"image": "nouveau_dataset/A/Godzilla.png", "genre": [-1, 1, -1]}, {"image": "nouveau_dataset/A/Safe.png", "genre": [-1, 1, -1]}, {"image": "nouveau_dataset/A/Plan\u00e8te_terreur.png", "genre": [1, 1, 1]}, {"image": "nouveau_dataset/A/Polar.png", "genre": [-1, 1, -1]}, {"image": "nouveau_dataset/A/Jack_Reacher.png", "genre": [-1, 1, -1]}, {"image": "nouveau_dataset/A/Les_7_Samoura\u00efs.png", "genre": [-1, 1, -1]}, {"image": "nouveau_dataset/A/Arnaques,_crimes_et_botanique.png", "genre": [-1, 1, 1]}, {"image": "nouveau_dataset/A/Le_transporteur_II.png", "genre": [-1, 1, -1]}, {"image": "nouveau_dataset/A/Rambo_Last_Blood.png", "genre": [-1, 1, -1]}, {"image": "nouveau_dataset/A/Crows_Zero.png", "genre": [-1, 1, 1]}, {"image": "nouveau_dataset/A/Les_Gardiens_de_la_Galaxie_Vol_2.png", "genre": [-1, 1, 1]}, {"image": "nouveau_dataset/A/Man_of_Tai_Chi.png", "genre": [-1, 1, -1]}, {"image": "nouveau_dataset/A/Exil\u00e9.png", "genre": [-1, 1, -1]}, {"image": "nouveau_dataset/A/Avengers_Endgame.png", "genre": [-1, 1, -1]}, {"image": "nouveau_dataset/A/Jurassic_Park.png", "genre": [-1, 1, -1]}, {"image": "nouveau_dataset/A/O_Homem_do_Ano.png", "genre": [-1, 1, -1]}, {"image": "nouveau_dataset/A/Man_on_Fire.png", "genre": [-1, 1, -1]}, {"image": "nouveau_dataset/A/Apocalypto.png", "genre": [-1, 1, -1]}, {"image": "nouveau_dataset/A/Armada.png", "genre": [-1, 1, -1]}, {"image": "nouveau_dataset/A/Bon_Cop,_Bad_Cop.png", "genre": [-1, 1, 1]}, {"image": "nouveau_dataset/A/Les_3_royaumes.png", "genre": [-1, 1, -1]}, {"image": "nouveau_dataset/A/La_m\u00e9moire_du_tueur.png", "genre": [-1, 1, -1]}, {"image": "nouveau_dataset/A/Le_bon,_la_brute_et_le_cingl\u00e9.png", "genre": [-1, 1, 1]}, {"image": "nouveau_dataset/A/S\u00e9curit\u00e9_rapproch\u00e9e.png", "genre": [-1, 1, -1]}, {"image": "nouveau_dataset/A/Rush.png", "genre": [-1, 1, -1]}, {"image": "nouveau_dataset/A/Lord_of_War.png", "genre": [-1, 1, -1]}, {"image": "nouveau_dataset/A/Avatar.png", "genre": [-1, 1, -1]}, {"image": "nouveau_dataset/A/Ip_man.png", "genre": [-1, 1, -1]}, {"image": "nouveau_dataset/A/Kill_Bill_Volume_II.png", "genre": [-1, 1, -1]}, {"image": "nouveau_dataset/A/Chappie.png", "genre": [-1, 1, -1]}, {"image": "nouveau_dataset/A/La_mort_dans_la_peau.png", "genre": [-1, 1, -1]}, {"image": "nouveau_dataset/A/Barry_Seal_American_Traffic.png", "genre": [-1, 1, 1]}, {"image": "nouveau_dataset/A/L\u00e9on.png", "genre": [-1, 1, -1]}, {"image": "nouveau_dataset/A/22_Jump_Street.png", "genre": [-1, 1, 1]}, {"image": "nouveau_dataset/A/Heneral_Luna.png", "genre": [-1, 1, -1]}, {"image": "nouveau_dataset/A/Captain_America_Civil_War.png", "genre": [-1, 1, -1]}, {"image": "nouveau_dataset/A/Extreme_Job.png", "genre": [-1, 1, 1]}, {"image": "nouveau_dataset/A/Le_flingueur.png", "genre": [-1, 1, -1]}, {"image": "nouveau_dataset/A/Fr\u00e8res_de_sang.png", "genre": [-1, 1, -1]}, {"image": "nouveau_dataset/A/Shadow.png", "genre": [-1, 1, -1]}, {"image": "nouveau_dataset/A/Mission_Impossible_-_Protocole_fant\u00f4me.png", "genre": [-1, 1, -1]}, {"image": "nouveau_dataset/A/Kong_Skull_Island.png", "genre": [-1, 1, -1]}, {"image": "nouveau_dataset/A/Man_of_Steel.png", "genre": [-1, 1, -1]}, {"image": "nouveau_dataset/A/Kekexili__La_Patrouille_sauvage.png", "genre": [-1, 1, -1]}, {"image": "nouveau_dataset/A/Bronson.png", "genre": [-1, 1, -1]}, {"image": "nouveau_dataset/A/Kingsman_Services_secrets.png", "genre": [-1, 1, 1]}, {"image": "nouveau_dataset/A/Avengers.png", "genre": [-1, 1, -1]}, {"image": "nouveau_dataset/A/Army_of_the_Dead.png", "genre": [1, 1, -1]}, {"image": "nouveau_dataset/A/Iron_Man.png", "genre": [-1, 1, -1]}, {"image": "nouveau_dataset/A/Bad_Black.png", "genre": [-1, 1, 1]}, {"image": "nouveau_dataset/A/Okja.png", "genre": [-1, 1, -1]}, {"image": "nouveau_dataset/A/Hunger_Games.png", "genre": [-1, 1, -1]}, {"image": "nouveau_dataset/A/Hardcore_Henry.png", "genre": [-1, 1, -1]}, {"image": "nouveau_dataset/A/Source_Code.png", "genre": [-1, 1, -1]}, {"image": "nouveau_dataset/A/Rang_zi_dan_fei.png", "genre": [-1, 1, 1]}, {"image": "nouveau_dataset/A/Green_Zone.png", "genre": [-1, 1, -1]}, {"image": "nouveau_dataset/A/Looper.png", "genre": [-1, 1, -1]}, {"image": "nouveau_dataset/A/End_of_Watch.png", "genre": [-1, 1, -1]}, {"image": "nouveau_dataset/A/Attack_the_Block.png", "genre": [-1, 1, 1]}, {"image": "nouveau_dataset/A/Mortal_Engines.png", "genre": [-1, 1, -1]}, {"image": "nouveau_dataset/A/Bumblebee.png", "genre": [-1, 1, -1]}, {"image": "nouveau_dataset/A/Neon_Genesis_Evangelion_The_End_of_Evangelion.png", "genre": [-1, 1, -1]}, {"image": "nouveau_dataset/A/Skyfall.png", "genre": [-1, 1, -1]}, {"image": "nouveau_dataset/A/Nous_\u00e9tions_soldats.png", "genre": [-1, 1, -1]}, {"image": "nouveau_dataset/A/Equilibrium.png", "genre": [-1, 1, -1]}, {"image": "nouveau_dataset/A/Machete.png", "genre": [-1, 1, -1]}, {"image": "nouveau_dataset/A/Shaolin_Soccer.png", "genre": [-1, 1, 1]}, {"image": "nouveau_dataset/A/Boss_Level.png", "genre": [-1, 1, -1]}, {"image": "nouveau_dataset/A/Dragons.png", "genre": [-1, 1, -1]}, {"image": "nouveau_dataset/A/Jumanji__Bienvenue_dans_la_jungle.png", "genre": [-1, 1, 1]}, {"image": "nouveau_dataset/A/Ip_Man_3.png", "genre": [-1, 1, -1]}, {"image": "nouveau_dataset/A/Hero.png", "genre": [-1, 1, -1]}, {"image": "nouveau_dataset/A/Aliens__Le_Retour.png", "genre": [-1, 1, -1]}, {"image": "nouveau_dataset/A/New_Police_Story.png", "genre": [-1, 1, -1]}, {"image": "nouveau_dataset/A/Kill_the_Gringo.png", "genre": [-1, 1, -1]}, {"image": "nouveau_dataset/A/Mosul.png", "genre": [-1, 1, -1]}, {"image": "nouveau_dataset/A/Salt.png", "genre": [-1, 1, -1]}, {"image": "nouveau_dataset/A/Hunger_Games__La_R\u00e9volte_-_Partie_2.png", "genre": [-1, 1, -1]}, {"image": "nouveau_dataset/A/Crazy_kung-fu.png", "genre": [-1, 1, 1]}, {"image": "nouveau_dataset/A/Du_sang_et_des_larmes.png", "genre": [-1, 1, -1]}, {"image": "nouveau_dataset/A/Baahubali_2_La_conclusion.png", "genre": [-1, 1, -1]}, {"image": "nouveau_dataset/A/Captain_Marvel.png", "genre": [-1, 1, -1]}, {"image": "nouveau_dataset/A/Outlaw_King__Le_Roi_hors-la-loi.png", "genre": [-1, 1, -1]}, {"image": "nouveau_dataset/A/Batman_Begins.png", "genre": [-1, 1, -1]}, {"image": "nouveau_dataset/A/Sherlock_Holmes.png", "genre": [-1, 1, -1]}, {"image": "nouveau_dataset/A/Baby_Driver.png", "genre": [-1, 1, -1]}, {"image": "nouveau_dataset/A/Le_territoire_des_loups.png", "genre": [-1, 1, -1]}, {"image": "nouveau_dataset/A/RocknRolla.png", "genre": [-1, 1, -1]}, {"image": "nouveau_dataset/A/Captain_America_First_Avenger.png", "genre": [-1, 1, -1]}, {"image": "nouveau_dataset/A/Pirates_des_Cara\u00efbes__La_Fontaine_de_jouvence.png", "genre": [-1, 1, -1]}, {"image": "nouveau_dataset/A/Dangal.png", "genre": [-1, 1, -1]}, {"image": "nouveau_dataset/A/Oblivion.png", "genre": [-1, 1, -1]}, {"image": "nouveau_dataset/A/Sang_froid.png", "genre": [-1, 1, 1]}, {"image": "nouveau_dataset/A/New_World.png", "genre": [-1, 1, -1]}, {"image": "nouveau_dataset/A/Midway.png", "genre": [-1, 1, -1]}, {"image": "nouveau_dataset/A/Crows_Zero_II.png", "genre": [-1, 1, -1]}, {"image": "nouveau_dataset/A/A_Bittersweet_Life.png", "genre": [-1, 1, -1]}, {"image": "nouveau_dataset/A/Agents_tr\u00e8s_sp\u00e9ciaux_Code_UNCLE.png", "genre": [-1, 1, 1]}, {"image": "nouveau_dataset/A/Ant-Man.png", "genre": [-1, 1, 1]}, {"image": "nouveau_dataset/A/Justice_League.png", "genre": [-1, 1, -1]}, {"image": "nouveau_dataset/A/Les_larmes_du_soleil.png", "genre": [-1, 1, -1]}, {"image": "nouveau_dataset/A/Kill_Bill_Volume_I.png", "genre": [-1, 1, -1]}, {"image": "nouveau_dataset/A/Balle_Perdue.png", "genre": [-1, 1, -1]}, {"image": "nouveau_dataset/A/Harakiri.png", "genre": [-1, 1, -1]}, {"image": "nouveau_dataset/A/2_Fast_2_Furious.png", "genre": [-1, 1, -1]}, {"image": "nouveau_dataset/A/Aquaman.png", "genre": [-1, 1, -1]}, {"image": "nouveau_dataset/A/La_rage_au_ventre.png", "genre": [-1, 1, -1]}, {"image": "nouveau_dataset/A/Le_Seigneur_des_anneaux__Le_Retour_du_roi.png", "genre": [-1, 1, -1]}, {"image": "nouveau_dataset/A/Shazam!.png", "genre": [-1, 1, 1]}, {"image": "nouveau_dataset/A/John_Wick.png", "genre": [-1, 1, -1]}, {"image": "nouveau_dataset/A/13_assassins.png", "genre": [-1, 1, -1]}, {"image": "nouveau_dataset/A/Expendables_2_Unit\u00e9_sp\u00e9ciale.png", "genre": [-1, 1, -1]}, {"image": "nouveau_dataset/A/Les_Braqueurs.png", "genre": [-1, 1, 1]}, {"image": "nouveau_dataset/A/La_m\u00e9moire_dans_la_peau.png", "genre": [-1, 1, -1]}, {"image": "nouveau_dataset/A/Grindhouse.png", "genre": [1, 1, -1]}, {"image": "nouveau_dataset/A/Paradox.png", "genre": [-1, 1, -1]}, {"image": "nouveau_dataset/A/Deliver_Us_from_Evil.png", "genre": [-1, 1, -1]}, {"image": "nouveau_dataset/A/La_guerre_des_\u00e9toiles.png", "genre": [-1, 1, -1]}, {"image": "nouveau_dataset/A/Ip_Man_2,_le_retour_du_grand_ma\u00eetre.png", "genre": [-1, 1, -1]}, {"image": "nouveau_dataset/A/Boyka__Un_seul_deviendra_invincible.png", "genre": [-1, 1, -1]}, {"image": "nouveau_dataset/A/Fury.png", "genre": [-1, 1, -1]}, {"image": "nouveau_dataset/A/Beomjoidosi.png", "genre": [-1, 1, -1]}, {"image": "nouveau_dataset/A/Ant-Man_et_la_Gu\u00eape.png", "genre": [-1, 1, 1]}, {"image": "nouveau_dataset/A/Le_Retour_du_Jedi.png", "genre": [-1, 1, -1]}, {"image": "nouveau_dataset/A/Les_Gardiens_de_la_Galaxie.png", "genre": [-1, 1, 1]}, {"image": "nouveau_dataset/A/Agents_presque_secrets.png", "genre": [-1, 1, 1]}, {"image": "nouveau_dataset/A/Le_transporteur.png", "genre": [-1, 1, -1]}, {"image": "nouveau_dataset/A/Pirates_des_Cara\u00efbes__La_Mal\u00e9diction_du_Black_Pearl.png", "genre": [-1, 1, -1]}, {"image": "nouveau_dataset/A/Birds_of_Prey_et_la_fantabuleuse_histoire_de_Harley_Quinn.png", "genre": [-1, 1, 1]}, {"image": "nouveau_dataset/A/Refroidis.png", "genre": [-1, 1, -1]}, {"image": "nouveau_dataset/A/Le_transporteur_3.png", "genre": [-1, 1, -1]}, {"image": "nouveau_dataset/A/Blade_Runner_2049.png", "genre": [-1, 1, -1]}, {"image": "nouveau_dataset/A/Line_of_fire.png", "genre": [-1, 1, -1]}, {"image": "nouveau_dataset/A/Edge_of_Tomorrow.png", "genre": [-1, 1, -1]}, {"image": "nouveau_dataset/A/Mission_Impossible_-_Rogue_Nation.png", "genre": [-1, 1, -1]}, {"image": "nouveau_dataset/A/La_brigade_des_800.png", "genre": [-1, 1, -1]}, {"image": "nouveau_dataset/A/La_Plan\u00e8te_des_singes__Les_Origines.png", "genre": [-1, 1, -1]}, {"image": "nouveau_dataset/A/Les_a\u00e9ronautes.png", "genre": [-1, 1, -1]}, {"image": "nouveau_dataset/A/Dead_Snow_Red_vs_Dead.png", "genre": [1, 1, 1]}, {"image": "nouveau_dataset/A/Master_Z_The_Ip_Man_Legacy.png", "genre": [-1, 1, -1]}, {"image": "nouveau_dataset/A/Jumper.png", "genre": [-1, 1, -1]}, {"image": "nouveau_dataset/A/Drug_War.png", "genre": [-1, 1, -1]}, {"image": "nouveau_dataset/A/Banlieue_13.png", "genre": [-1, 1, -1]}, {"image": "nouveau_dataset/A/Equalizer_2.png", "genre": [-1, 1, -1]}, {"image": "nouveau_dataset/A/Le_Mauvais_Camp.png", "genre": [-1, 1, -1]}, {"image": "nouveau_dataset/A/Le_r\u00e8gne_des_assassins.png", "genre": [-1, 1, -1]}, {"image": "nouveau_dataset/A/Criminal_Squad.png", "genre": [-1, 1, -1]}, {"image": "nouveau_dataset/A/On_the_Job.png", "genre": [-1, 1, -1]}, {"image": "nouveau_dataset/A/Mad_Max_Fury_Road.png", "genre": [-1, 1, -1]}, {"image": "nouveau_dataset/A/Casino_Royale.png", "genre": [-1, 1, -1]}, {"image": "nouveau_dataset/A/007_Spectre.png", "genre": [-1, 1, -1]}, {"image": "nouveau_dataset/A/Cloverfield.png", "genre": [1, 1, -1]}, {"image": "nouveau_dataset/A/John_Wick_2.png", "genre": [-1, 1, -1]}, {"image": "nouveau_dataset/A/La_vengeance_de_Monte_Cristo.png", "genre": [-1, 1, -1]}, {"image": "nouveau_dataset/A/Real_Steel.png", "genre": [-1, 1, -1]}, {"image": "nouveau_dataset/A/Nobody.png", "genre": [-1, 1, -1]}, {"image": "nouveau_dataset/A/Deadpool.png", "genre": [-1, 1, 1]}, {"image": "nouveau_dataset/A/Riders_of_Justice.png", "genre": [-1, 1, 1]}, {"image": "nouveau_dataset/A/American_Sniper.png", "genre": [-1, 1, -1]}, {"image": "nouveau_dataset/A/Fulltime_killer.png", "genre": [-1, 1, -1]}, {"image": "nouveau_dataset/A/La_l\u00e9gende_de_Baahubali_1\u00e8re_partie.png", "genre": [-1, 1, -1]}, {"image": "nouveau_dataset/A/Jurassic_World_Fallen_Kingdom.png", "genre": [-1, 1, -1]}, {"image": "nouveau_dataset/A/Game_Night.png", "genre": [-1, 1, 1]}, {"image": "nouveau_dataset/A/Inception.png", "genre": [-1, 1, -1]}, {"image": "nouveau_dataset/A/Black_Dynamite.png", "genre": [-1, 1, 1]}, {"image": "nouveau_dataset/C/Bajrangi_Bhaijaan.png", "genre": [-1, 1, 1]}, {"image": "nouveau_dataset/C/Le_plus_escroc_des_deux.png", "genre": [-1, -1, 1]}, {"image": "nouveau_dataset/C/Les_Nouveaux_Sauvages.png", "genre": [-1, -1, 1]}, {"image": "nouveau_dataset/C/Devine_qui_vient_d\u00eener.png", "genre": [-1, -1, 1]}, {"image": "nouveau_dataset/C/Rock_academy.png", "genre": [-1, -1, 1]}, {"image": "nouveau_dataset/C/American_pie_marions-les!.png", "genre": [-1, -1, 1]}, {"image": "nouveau_dataset/C/Crimes_et_d\u00e9lits.png", "genre": [-1, -1, 1]}, {"image": "nouveau_dataset/C/La_La_Land.png", "genre": [-1, -1, 1]}, {"image": "nouveau_dataset/C/OMG_Oh_My_God!.png", "genre": [-1, -1, 1]}, {"image": "nouveau_dataset/C/Admis_\u00e0_tout_prix.png", "genre": [-1, -1, 1]}, {"image": "nouveau_dataset/C/Le_Grand_Stan.png", "genre": [-1, 1, 1]}, {"image": "nouveau_dataset/C/Les_stagiaires.png", "genre": [-1, -1, 1]}, {"image": "nouveau_dataset/C/Crazy_Dad.png", "genre": [-1, -1, 1]}, {"image": "nouveau_dataset/C/Hedwig_and_the_Angry_Inch.png", "genre": [-1, -1, 1]}, {"image": "nouveau_dataset/C/Le_Coup_du_parapluie.png", "genre": [-1, -1, 1]}, {"image": "nouveau_dataset/C/Charlie_et_ses_dr\u00f4les_de_dames.png", "genre": [-1, 1, 1]}, {"image": "nouveau_dataset/C/Les_choristes.png", "genre": [-1, -1, 1]}, {"image": "nouveau_dataset/C/Lost_in_Translation.png", "genre": [-1, -1, 1]}, {"image": "nouveau_dataset/C/Mi-temps_au_mitard.png", "genre": [-1, -1, 1]}, {"image": "nouveau_dataset/C/Austin_Powers.png", "genre": [-1, -1, 1]}, {"image": "nouveau_dataset/C/Le_Jaguar.png", "genre": [-1, -1, 1]}, {"image": "nouveau_dataset/C/De_vrais_mensonges.png", "genre": [-1, -1, 1]}, {"image": "nouveau_dataset/C/D\u00e9lire_express.png", "genre": [-1, 1, 1]}, {"image": "nouveau_dataset/C/La_guerre_des_boutons.png", "genre": [-1, -1, 1]}, {"image": "nouveau_dataset/C/Philomena.png", "genre": [-1, -1, 1]}, {"image": "nouveau_dataset/C/Perfetti_sconosciuti.png", "genre": [-1, -1, 1]}, {"image": "nouveau_dataset/C/30_minutes_maximum.png", "genre": [-1, 1, 1]}, {"image": "nouveau_dataset/C/Pas_nous,_pas_nous.png", "genre": [-1, -1, 1]}, {"image": "nouveau_dataset/C/Kiss_Kiss_Bang_Bang.png", "genre": [-1, -1, 1]}, {"image": "nouveau_dataset/C/Last_Vegas.png", "genre": [-1, -1, 1]}, {"image": "nouveau_dataset/C/SOS_fant\u00f4mes.png", "genre": [-1, 1, 1]}, {"image": "nouveau_dataset/C/Groom_service.png", "genre": [-1, -1, 1]}, {"image": "nouveau_dataset/C/Dogma.png", "genre": [-1, -1, 1]}, {"image": "nouveau_dataset/C/Beethoven.png", "genre": [-1, -1, 1]}, {"image": "nouveau_dataset/C/Le_m\u00e9cano_de_la_G\u00e9n\u00e9rale.png", "genre": [-1, 1, 1]}, {"image": "nouveau_dataset/C/La_panth\u00e8re_rose.png", "genre": [-1, -1, 1]}, {"image": "nouveau_dataset/C/Barton_Fink.png", "genre": [-1, -1, 1]}, {"image": "nouveau_dataset/C/3_Billboards_Les_panneaux_de_la_vengeance.png", "genre": [-1, -1, 1]}, {"image": "nouveau_dataset/C/Grimsby__Agent_trop_sp\u00e9cial.png", "genre": [-1, 1, 1]}, {"image": "nouveau_dataset/C/Le_corniaud.png", "genre": [-1, -1, 1]}, {"image": "nouveau_dataset/C/Panique_aux_fun\u00e9railles.png", "genre": [-1, -1, 1]}, {"image": "nouveau_dataset/C/La_crise.png", "genre": [-1, -1, 1]}, {"image": "nouveau_dataset/C/3_hommes_et_un_couffin.png", "genre": [-1, -1, 1]}, {"image": "nouveau_dataset/C/Down_by_Law_-_Sous_le_coup_de_la_loi.png", "genre": [-1, -1, 1]}, {"image": "nouveau_dataset/C/Contr\u00f4le_parental.png", "genre": [-1, -1, 1]}, {"image": "nouveau_dataset/C/Les_Anges_gardiens.png", "genre": [-1, 1, 1]}, {"image": "nouveau_dataset/C/Ghost_World.png", "genre": [-1, -1, 1]}, {"image": "nouveau_dataset/C/Monty_Python__Sacr\u00e9_Graal_!.png", "genre": [-1, -1, 1]}, {"image": "nouveau_dataset/C/Chhichhore.png", "genre": [-1, -1, 1]}, {"image": "nouveau_dataset/C/Marriage_Story.png", "genre": [-1, -1, 1]}, {"image": "nouveau_dataset/C/Ponyo_sur_la_falaise.png", "genre": [-1, -1, 1]}, {"image": "nouveau_dataset/C/Les_lumi\u00e8res_de_la_ville.png", "genre": [-1, -1, 1]}, {"image": "nouveau_dataset/C/Les_\u00e9motifs_anonymes.png", "genre": [-1, -1, 1]}, {"image": "nouveau_dataset/C/Harvey.png", "genre": [-1, -1, 1]}, {"image": "nouveau_dataset/C/Amarcord.png", "genre": [-1, -1, 1]}, {"image": "nouveau_dataset/C/Le_sh\u00e9rif_est_en_prison.png", "genre": [-1, -1, 1]}, {"image": "nouveau_dataset/C/Les_triplettes_de_Belleville.png", "genre": [-1, -1, 1]}, {"image": "nouveau_dataset/C/Green_Book_Sur_les_routes_du_Sud.png", "genre": [-1, -1, 1]}, {"image": "nouveau_dataset/C/Major_Payne.png", "genre": [-1, -1, 1]}, {"image": "nouveau_dataset/C/Mariage_\u00e0_la_grecque_2.png", "genre": [-1, -1, 1]}, {"image": "nouveau_dataset/C/Burn_After_Reading.png", "genre": [-1, -1, 1]}, {"image": "nouveau_dataset/C/Clerks_II.png", "genre": [-1, -1, 1]}, {"image": "nouveau_dataset/C/Les_invasions_barbares.png", "genre": [-1, -1, 1]}, {"image": "nouveau_dataset/C/Bande_de_sauvages.png", "genre": [-1, 1, 1]}, {"image": "nouveau_dataset/C/PK.png", "genre": [-1, -1, 1]}, {"image": "nouveau_dataset/C/Pride.png", "genre": [-1, -1, 1]}, {"image": "nouveau_dataset/C/Mon_cousin_Vinny.png", "genre": [-1, -1, 1]}, {"image": "nouveau_dataset/C/Kangourou_Jack.png", "genre": [-1, 1, 1]}, {"image": "nouveau_dataset/C/8_femmes.png", "genre": [-1, -1, 1]}, {"image": "nouveau_dataset/C/Cops_Les_forces_du_d\u00e9sordre.png", "genre": [-1, 1, 1]}, {"image": "nouveau_dataset/C/La_vie_est_belle.png", "genre": [-1, -1, 1]}, {"image": "nouveau_dataset/C/Le_code_a_chang\u00e9.png", "genre": [-1, -1, 1]}, {"image": "nouveau_dataset/C/Fantasmes.png", "genre": [-1, -1, 1]}, {"image": "nouveau_dataset/C/Bons_baisers_de_Bruges.png", "genre": [-1, -1, 1]}, {"image": "nouveau_dataset/C/Qui_veut_la_peau_de_Roger_Rabbit.png", "genre": [-1, -1, 1]}, {"image": "nouveau_dataset/C/Le_gang_des_champions.png", "genre": [-1, -1, 1]}, {"image": "nouveau_dataset/C/Les_mondes_de_Ralph.png", "genre": [-1, -1, 1]}, {"image": "nouveau_dataset/C/Famille_recompos\u00e9e.png", "genre": [-1, -1, 1]}, {"image": "nouveau_dataset/C/After_Hours_Quelle_nuit_de_gal\u00e8re.png", "genre": [-1, -1, 1]}, {"image": "nouveau_dataset/C/How_to_Be_a_Latin_Lover.png", "genre": [-1, -1, 1]}, {"image": "nouveau_dataset/C/Fantastic_Mr_Fox.png", "genre": [-1, -1, 1]}, {"image": "nouveau_dataset/C/Mary_et_Max.png", "genre": [-1, -1, 1]}, {"image": "nouveau_dataset/C/Raiponce.png", "genre": [-1, -1, 1]}, {"image": "nouveau_dataset/C/Delicatessen.png", "genre": [-1, -1, 1]}, {"image": "nouveau_dataset/C/Bienvenue_\u00e0_Zombieland.png", "genre": [1, -1, 1]}, {"image": "nouveau_dataset/C/Harold_et_Maude.png", "genre": [-1, -1, 1]}, {"image": "nouveau_dataset/C/Le_gendarme_se_marie.png", "genre": [-1, -1, 1]}, {"image": "nouveau_dataset/C/La_gar\u00e7onni\u00e8re.png", "genre": [-1, -1, 1]}, {"image": "nouveau_dataset/C/Mafia_blues_2_-_La_rechute!.png", "genre": [-1, -1, 1]}, {"image": "nouveau_dataset/C/Minuit_\u00e0_Paris.png", "genre": [-1, -1, 1]}, {"image": "nouveau_dataset/C/Clerks,_les_employ\u00e9s_mod\u00e8les.png", "genre": [-1, -1, 1]}, {"image": "nouveau_dataset/C/Mon_beau-p\u00e8re_et_moi.png", "genre": [-1, -1, 1]}, {"image": "nouveau_dataset/C/First_Sunday.png", "genre": [-1, -1, 1]}, {"image": "nouveau_dataset/C/Happiness_Therapy.png", "genre": [-1, -1, 1]}, {"image": "nouveau_dataset/C/Livraison_express.png", "genre": [-1, -1, 1]}, {"image": "nouveau_dataset/C/Les_valseuses.png", "genre": [-1, 1, 1]}, {"image": "nouveau_dataset/C/Le_gendarme_de_Saint-Tropez.png", "genre": [-1, -1, 1]}, {"image": "nouveau_dataset/C/Presque_c\u00e9l\u00e8bre.png", "genre": [-1, -1, 1]}, {"image": "nouveau_dataset/C/No\u00ebl_chez_les_Muppets.png", "genre": [-1, -1, 1]}, {"image": "nouveau_dataset/C/Eh_mec!_Elle_est_o\u00f9_ma_caisse.png", "genre": [-1, -1, 1]}, {"image": "nouveau_dataset/C/SOS_fant\u00f4mes_II.png", "genre": [-1, 1, 1]}, {"image": "nouveau_dataset/C/Bruce_tout-puissant.png", "genre": [-1, -1, 1]}, {"image": "nouveau_dataset/C/Les_femmes_du_6e_\u00e9tage.png", "genre": [-1, -1, 1]}, {"image": "nouveau_dataset/C/Les_secrets_professionnels_du_Docteur_Apfelgluck.png", "genre": [-1, -1, 1]}, {"image": "nouveau_dataset/C/Le_grand_blond_avec_une_chaussure_noire.png", "genre": [-1, -1, 1]}, {"image": "nouveau_dataset/C/Carry_on_Dick.png", "genre": [-1, -1, 1]}, {"image": "nouveau_dataset/C/(500)_jours_ensemble.png", "genre": [-1, -1, 1]}, {"image": "nouveau_dataset/C/Dr\u00f4le_de_couple.png", "genre": [-1, -1, 1]}, {"image": "nouveau_dataset/C/Click.png", "genre": [-1, -1, 1]}, {"image": "nouveau_dataset/C/Nebraska.png", "genre": [-1, -1, 1]}, {"image": "nouveau_dataset/C/Le_charme_discret_de_la_bourgeoisie.png", "genre": [-1, -1, 1]}, {"image": "nouveau_dataset/C/Potiche.png", "genre": [-1, -1, 1]}, {"image": "nouveau_dataset/C/Mr_Ove.png", "genre": [-1, -1, 1]}, {"image": "nouveau_dataset/C/Darwin_Awards.png", "genre": [-1, -1, 1]}, {"image": "nouveau_dataset/C/La_Ch\u00e8vre.png", "genre": [-1, -1, 1]}, {"image": "nouveau_dataset/C/Les_ripoux.png", "genre": [-1, -1, 1]}, {"image": "nouveau_dataset/C/Moonrise_Kingdom.png", "genre": [-1, -1, 1]}, {"image": "nouveau_dataset/C/Indiscr\u00e9tions.png", "genre": [-1, -1, 1]}, {"image": "nouveau_dataset/C/American_Trip.png", "genre": [-1, -1, 1]}, {"image": "nouveau_dataset/C/Road_Trip.png", "genre": [-1, -1, 1]}, {"image": "nouveau_dataset/C/Keanu.png", "genre": [-1, 1, 1]}, {"image": "nouveau_dataset/C/Les_anges_d\u00e9chus.png", "genre": [-1, -1, 1]}, {"image": "nouveau_dataset/C/Bienvenue_Mister_Chance.png", "genre": [-1, -1, 1]}, {"image": "nouveau_dataset/C/Le_P\u00e8re_No\u00ebl_est_une_ordure_!.png", "genre": [-1, -1, 1]}, {"image": "nouveau_dataset/C/Ace_Ventura,_d\u00e9tective_chiens_et_chats.png", "genre": [-1, -1, 1]}, {"image": "nouveau_dataset/C/American_Pie_4.png", "genre": [-1, -1, 1]}, {"image": "nouveau_dataset/C/Bad_Teacher.png", "genre": [-1, -1, 1]}, {"image": "nouveau_dataset/C/Rendez-vous.png", "genre": [-1, -1, 1]}, {"image": "nouveau_dataset/C/CHIPS.png", "genre": [-1, 1, 1]}, {"image": "nouveau_dataset/C/Capitaine_Orgazmo.png", "genre": [-1, -1, 1]}, {"image": "nouveau_dataset/C/Dirty_Deeds.png", "genre": [-1, -1, 1]}, {"image": "nouveau_dataset/C/Men_in_Black_3.png", "genre": [-1, 1, 1]}, {"image": "nouveau_dataset/C/Le_Kid.png", "genre": [-1, -1, 1]}, {"image": "nouveau_dataset/C/Pour_le_pire_et_pour_le_meilleur.png", "genre": [-1, -1, 1]}, {"image": "nouveau_dataset/C/Chungking_Express.png", "genre": [-1, -1, 1]}, {"image": "nouveau_dataset/C/Le_dernier_pub_avant_la_fin_du_monde.png", "genre": [-1, -1, 1]}, {"image": "nouveau_dataset/C/Les_Grandes_Vacances.png", "genre": [-1, -1, 1]}, {"image": "nouveau_dataset/C/Mon_meilleur_ami.png", "genre": [-1, -1, 1]}, {"image": "nouveau_dataset/C/Mammuth.png", "genre": [-1, -1, 1]}, {"image": "nouveau_dataset/C/Chat_noir,_chat_blanc.png", "genre": [-1, -1, 1]}, {"image": "nouveau_dataset/C/Les_trois_fr\u00e8res.png", "genre": [-1, -1, 1]}, {"image": "nouveau_dataset/C/Parasite.png", "genre": [-1, -1, 1]}, {"image": "nouveau_dataset/C/Rire_et_ch\u00e2timent.png", "genre": [-1, -1, 1]}, {"image": "nouveau_dataset/C/Aladdin.png", "genre": [-1, -1, 1]}, {"image": "nouveau_dataset/C/Idiocracy.png", "genre": [-1, -1, 1]}, {"image": "nouveau_dataset/C/College.png", "genre": [-1, -1, 1]}, {"image": "nouveau_dataset/C/Arr\u00eate_ton_char_Cl\u00e9o.png", "genre": [-1, -1, 1]}, {"image": "nouveau_dataset/C/Police_Academy.png", "genre": [-1, -1, 1]}, {"image": "nouveau_dataset/C/Noblesse_oblige.png", "genre": [-1, -1, 1]}, {"image": "nouveau_dataset/C/La_dolce_vita.png", "genre": [-1, -1, 1]}, {"image": "nouveau_dataset/C/Bean.png", "genre": [-1, -1, 1]}, {"image": "nouveau_dataset/C/Girl_on_a_Bicycle.png", "genre": [-1, -1, 1]}, {"image": "nouveau_dataset/C/Hold-Up.png", "genre": [-1, -1, 1]}, {"image": "nouveau_dataset/C/Paddington_2.png", "genre": [-1, -1, 1]}, {"image": "nouveau_dataset/C/CRAZY.png", "genre": [-1, -1, 1]}, {"image": "nouveau_dataset/C/Parties_intimes.png", "genre": [-1, -1, 1]}, {"image": "nouveau_dataset/C/Bad_Words_Concours_de_gros_mots.png", "genre": [-1, -1, 1]}, {"image": "nouveau_dataset/C/Boomerang.png", "genre": [-1, -1, 1]}, {"image": "nouveau_dataset/C/Les_Mitchell_contre_les_machines.png", "genre": [-1, -1, 1]}, {"image": "nouveau_dataset/C/Mes_meilleures_amies.png", "genre": [-1, -1, 1]}, {"image": "nouveau_dataset/C/Pr\u00e9sentateur_vedette_La_l\u00e9gende_de_Ron_Burgundy.png", "genre": [-1, -1, 1]}, {"image": "nouveau_dataset/C/I_Love_You,_Man.png", "genre": [-1, -1, 1]}, {"image": "nouveau_dataset/C/\u00c0_la_poursuite_de_Ricky_Baker.png", "genre": [-1, -1, 1]}, {"image": "nouveau_dataset/C/Les_Boloss_-_Inbetweeners,_le_film.png", "genre": [-1, -1, 1]}, {"image": "nouveau_dataset/C/La_travers\u00e9e_du_temps.png", "genre": [-1, -1, 1]}, {"image": "nouveau_dataset/C/Comment_tuer_son_boss.png", "genre": [-1, -1, 1]}, {"image": "nouveau_dataset/C/\u00c0_couteaux_tir\u00e9s.png", "genre": [-1, -1, 1]}, {"image": "nouveau_dataset/C/Le_retour_de_la_panth\u00e8re_rose.png", "genre": [-1, -1, 1]}, {"image": "nouveau_dataset/C/Mon_pire_cauchemar.png", "genre": [-1, -1, 1]}, {"image": "nouveau_dataset/C/Comment_tuer_son_boss_2.png", "genre": [-1, -1, 1]}, {"image": "nouveau_dataset/C/La_valse_des_pantins.png", "genre": [-1, -1, 1]}, {"image": "nouveau_dataset/C/Elfe.png", "genre": [-1, -1, 1]}, {"image": "nouveau_dataset/C/La_barbe_\u00e0_papa.png", "genre": [-1, -1, 1]}, {"image": "nouveau_dataset/C/La_fille_du_14_juillet.png", "genre": [-1, -1, 1]}, {"image": "nouveau_dataset/C/Be_Bad!.png", "genre": [-1, -1, 1]}, {"image": "nouveau_dataset/C/On_conna\u00eet_la_chanson.png", "genre": [-1, -1, 1]}, {"image": "nouveau_dataset/C/Good_Bye_Lenin!.png", "genre": [-1, -1, 1]}, {"image": "nouveau_dataset/C/Le_chef_de_gare.png", "genre": [-1, -1, 1]}, {"image": "nouveau_dataset/C/\u00c9change_standard.png", "genre": [-1, -1, 1]}, {"image": "nouveau_dataset/C/Diamants_sur_canap\u00e9.png", "genre": [-1, -1, 1]}, {"image": "nouveau_dataset/C/Lage_Raho_Munna_Bhai.png", "genre": [-1, -1, 1]}, {"image": "nouveau_dataset/C/La_d\u00e9licatesse.png", "genre": [-1, -1, 1]}, {"image": "nouveau_dataset/C/Bad_Grandpa.png", "genre": [-1, -1, 1]}, {"image": "nouveau_dataset/C/17_ans_encore.png", "genre": [-1, -1, 1]}, {"image": "nouveau_dataset/C/Dialogue_avec_mon_jardinier.png", "genre": [-1, -1, 1]}, {"image": "nouveau_dataset/C/Le_g\u00e9ant_de_fer.png", "genre": [-1, 1, 1]}, {"image": "nouveau_dataset/C/5050.png", "genre": [-1, -1, 1]}, {"image": "nouveau_dataset/C/Bernie.png", "genre": [-1, -1, 1]}, {"image": "nouveau_dataset/C/Once_Upon_a_Time_In_Hollywood.png", "genre": [-1, -1, 1]}, {"image": "nouveau_dataset/C/La_folle_croisi\u00e8re.png", "genre": [-1, -1, 1]}, {"image": "nouveau_dataset/C/American_Psycho.png", "genre": [-1, -1, 1]}, {"image": "nouveau_dataset/C/Carry_on_Again_Doctor.png", "genre": [-1, -1, 1]}, {"image": "nouveau_dataset/C/Ed_Wood.png", "genre": [-1, -1, 1]}, {"image": "nouveau_dataset/C/Plump_Fiction.png", "genre": [-1, -1, 1]}, {"image": "nouveau_dataset/C/Hera_Pheri.png", "genre": [-1, 1, 1]}, {"image": "nouveau_dataset/C/Munna_Bhai_MBBS.png", "genre": [-1, -1, 1]}, {"image": "nouveau_dataset/C/Jojo_Rabbit.png", "genre": [-1, -1, 1]}, {"image": "nouveau_dataset/C/Les_flingueuses.png", "genre": [-1, 1, 1]}, {"image": "nouveau_dataset/C/Comment_claquer_un_million_de_dollars_par_jour.png", "genre": [-1, -1, 1]}, {"image": "nouveau_dataset/C/Quatre_gar\u00e7ons_dans_le_vent.png", "genre": [-1, -1, 1]}, {"image": "nouveau_dataset/C/La_rose_pourpre_du_Caire.png", "genre": [-1, -1, 1]}, {"image": "nouveau_dataset/C/Captain_Fantastic.png", "genre": [-1, -1, 1]}, {"image": "nouveau_dataset/C/Nos_jours_heureux.png", "genre": [-1, -1, 1]}, {"image": "nouveau_dataset/C/Les_grands_fr\u00e8res.png", "genre": [-1, -1, 1]}, {"image": "nouveau_dataset/C/Oscar.png", "genre": [-1, -1, 1]}, {"image": "nouveau_dataset/C/Date_limite.png", "genre": [-1, -1, 1]}, {"image": "nouveau_dataset/C/Le_temps_des_gitans.png", "genre": [-1, -1, 1]}, {"image": "nouveau_dataset/C/Rien_\u00e0_d\u00e9clarer.png", "genre": [-1, -1, 1]}, {"image": "nouveau_dataset/C/Mary_Poppins.png", "genre": [-1, -1, 1]}, {"image": "nouveau_dataset/C/Infirmi\u00e8res_en_folie.png", "genre": [-1, -1, 1]}, {"image": "nouveau_dataset/C/Divorces.png", "genre": [-1, -1, 1]}, {"image": "nouveau_dataset/C/Chantons_sous_la_pluie.png", "genre": [-1, -1, 1]}, {"image": "nouveau_dataset/C/Les_Visiteurs.png", "genre": [-1, -1, 1]}, {"image": "nouveau_dataset/C/English_Vinglish.png", "genre": [-1, -1, 1]}, {"image": "nouveau_dataset/C/Charade.png", "genre": [-1, -1, 1]}, {"image": "nouveau_dataset/C/Dil_Chahta_Hai.png", "genre": [-1, -1, 1]}, {"image": "nouveau_dataset/C/Drunk.png", "genre": [-1, -1, 1]}, {"image": "nouveau_dataset/C/Duff_Le_faire-valoir.png", "genre": [-1, -1, 1]}, {"image": "nouveau_dataset/C/Les_Vacances_de_Mr_Bean.png", "genre": [-1, -1, 1]}, {"image": "nouveau_dataset/C/Delivery_Man.png", "genre": [-1, -1, 1]}, {"image": "nouveau_dataset/C/Copains_pour_toujours.png", "genre": [-1, -1, 1]}, {"image": "nouveau_dataset/C/Paradis_express.png", "genre": [-1, 1, 1]}, {"image": "nouveau_dataset/C/Sabrina.png", "genre": [-1, -1, 1]}, {"image": "nouveau_dataset/C/La_l\u00e9gende_de_Klaus.png", "genre": [-1, -1, 1]}, {"image": "nouveau_dataset/C/Evil_Dead_2.png", "genre": [1, -1, 1]}, {"image": "nouveau_dataset/C/Night_on_Earth.png", "genre": [-1, -1, 1]}, {"image": "nouveau_dataset/C/Breakfast_Club.png", "genre": [-1, -1, 1]}, {"image": "nouveau_dataset/C/Leur_morale_et_la_n\u00f4tre.png", "genre": [-1, -1, 1]}, {"image": "nouveau_dataset/C/Get_Hard.png", "genre": [-1, -1, 1]}, {"image": "nouveau_dataset/C/Cyrano_de_Bergerac.png", "genre": [-1, -1, 1]}, {"image": "nouveau_dataset/C/Le_professeur_foldingue.png", "genre": [-1, -1, 1]}, {"image": "nouveau_dataset/C/Ace_Ventura_en_Afrique.png", "genre": [-1, -1, 1]}, {"image": "nouveau_dataset/C/BASEketball.png", "genre": [-1, -1, 1]}, {"image": "nouveau_dataset/C/Le_Miracle_sur_la_34\u00e8me_rue.png", "genre": [-1, -1, 1]}, {"image": "nouveau_dataset/C/Rush_Hour_2.png", "genre": [-1, 1, 1]}, {"image": "nouveau_dataset/C/Las_Vegas_parano.png", "genre": [-1, -1, 1]}, {"image": "nouveau_dataset/C/Johnny_English,_le_retour.png", "genre": [-1, 1, 1]}, {"image": "nouveau_dataset/C/Le_facteur.png", "genre": [-1, -1, 1]}, {"image": "nouveau_dataset/C/Juno.png", "genre": [-1, -1, 1]}, {"image": "nouveau_dataset/C/Mafia_blues.png", "genre": [-1, -1, 1]}, {"image": "nouveau_dataset/C/Naked.png", "genre": [-1, -1, 1]}, {"image": "nouveau_dataset/C/Comment_se_d\u00e9barrasser_de_son_patron.png", "genre": [-1, -1, 1]}, {"image": "nouveau_dataset/C/Monty_Python,_le_sens_de_la_vie.png", "genre": [-1, -1, 1]}, {"image": "nouveau_dataset/C/Dzhentlmeny_udachi.png", "genre": [-1, -1, 1]}, {"image": "nouveau_dataset/C/Ricky_Bobby,_roi_du_circuit.png", "genre": [-1, -1, 1]}, {"image": "nouveau_dataset/C/Queen.png", "genre": [-1, -1, 1]}, {"image": "nouveau_dataset/C/Les_Indestructibles_2.png", "genre": [-1, 1, 1]}, {"image": "nouveau_dataset/C/Bon_\u00e0_tirer_(BAT).png", "genre": [-1, -1, 1]}, {"image": "nouveau_dataset/C/Happiness.png", "genre": [-1, -1, 1]}, {"image": "nouveau_dataset/C/Joyeuses_fun\u00e9railles.png", "genre": [-1, -1, 1]}, {"image": "nouveau_dataset/C/3_Idiots.png", "genre": [-1, -1, 1]}, {"image": "nouveau_dataset/C/4_mariages_et_1_enterrement.png", "genre": [-1, -1, 1]}, {"image": "nouveau_dataset/C/Big_Mamma_2.png", "genre": [-1, -1, 1]}, {"image": "nouveau_dataset/C/Le_Cri_du_faucon.png", "genre": [-1, -1, 1]}, {"image": "nouveau_dataset/C/Les_rois_du_patin.png", "genre": [-1, -1, 1]}, {"image": "nouveau_dataset/C/Manhattan.png", "genre": [-1, -1, 1]}, {"image": "nouveau_dataset/C/Crazy,_Stupid,_Love.png", "genre": [-1, -1, 1]}, {"image": "nouveau_dataset/C/Le_laur\u00e9at.png", "genre": [-1, -1, 1]}, {"image": "nouveau_dataset/C/Crazy_Night.png", "genre": [-1, -1, 1]}, {"image": "nouveau_dataset/C/Retour_vers_le_futur_2.png", "genre": [-1, -1, 1]}, {"image": "nouveau_dataset/C/Guerre_et_amour.png", "genre": [-1, -1, 1]}, {"image": "nouveau_dataset/C/Rush_Hour.png", "genre": [-1, 1, 1]}, {"image": "nouveau_dataset/C/Retour_vers_le_futur.png", "genre": [-1, -1, 1]}, {"image": "nouveau_dataset/C/Christmas_Story.png", "genre": [-1, -1, 1]}, {"image": "nouveau_dataset/C/7_ans_de_mariage.png", "genre": [-1, -1, 1]}, {"image": "nouveau_dataset/C/Les_Fugitifs.png", "genre": [-1, -1, 1]}, {"image": "nouveau_dataset/C/Le_Grand_Restaurant.png", "genre": [-1, 1, 1]}, {"image": "nouveau_dataset/C/Le_d\u00eener_de_cons.png", "genre": [-1, -1, 1]}, {"image": "nouveau_dataset/C/La_dame_du_vendredi.png", "genre": [-1, -1, 1]}, {"image": "nouveau_dataset/C/Mon_oncle.png", "genre": [-1, -1, 1]}, {"image": "nouveau_dataset/C/Alfie_le_dragueur.png", "genre": [-1, -1, 1]}, {"image": "nouveau_dataset/C/Endiabl\u00e9.png", "genre": [-1, -1, 1]}, {"image": "nouveau_dataset/C/Coup_de_t\u00eate.png", "genre": [-1, -1, 1]}, {"image": "nouveau_dataset/C/Moi,_d\u00e9put\u00e9.png", "genre": [-1, -1, 1]}, {"image": "nouveau_dataset/C/Le_Dictateur.png", "genre": [-1, -1, 1]}, {"image": "nouveau_dataset/C/Rush_Hour_3.png", "genre": [-1, 1, 1]}, {"image": "nouveau_dataset/C/Big_Mamma_de_p\u00e8re_en_fils.png", "genre": [-1, 1, 1]}, {"image": "nouveau_dataset/C/Men_in_Black.png", "genre": [-1, 1, 1]}, {"image": "nouveau_dataset/C/About_Last_Night.png", "genre": [-1, -1, 1]}, {"image": "nouveau_dataset/C/Le_placard.png", "genre": [-1, -1, 1]}, {"image": "nouveau_dataset/C/New_York_-_Miami.png", "genre": [-1, -1, 1]}, {"image": "nouveau_dataset/C/Dodgeball_-_M\u00eame_pas_mal!.png", "genre": [-1, -1, 1]}, {"image": "nouveau_dataset/C/Rang_De_Basanti.png", "genre": [-1, -1, 1]}, {"image": "nouveau_dataset/C/Course_folle.png", "genre": [-1, 1, 1]}, {"image": "nouveau_dataset/C/Les_Blues_Brothers.png", "genre": [-1, 1, 1]}, {"image": "nouveau_dataset/C/Le_Priv\u00e9.png", "genre": [-1, -1, 1]}, {"image": "nouveau_dataset/C/La_doublure.png", "genre": [-1, -1, 1]}, {"image": "nouveau_dataset/C/Hors_de_prix.png", "genre": [-1, -1, 1]}, {"image": "nouveau_dataset/C/40_ans,_toujours_puceau.png", "genre": [-1, -1, 1]}, {"image": "nouveau_dataset/C/Crazy_Party.png", "genre": [-1, -1, 1]}, {"image": "nouveau_dataset/C/Les_Comp\u00e8res.png", "genre": [-1, -1, 1]}, {"image": "nouveau_dataset/C/Le_monde_(presque)_perdu.png", "genre": [-1, 1, 1]}, {"image": "nouveau_dataset/C/Paul.png", "genre": [-1, -1, 1]}, {"image": "nouveau_dataset/C/New_York_Taxi.png", "genre": [-1, 1, 1]}, {"image": "nouveau_dataset/C/God_Bless_America.png", "genre": [-1, -1, 1]}, {"image": "nouveau_dataset/C/Les_temps_modernes.png", "genre": [-1, -1, 1]}, {"image": "nouveau_dataset/C/FBI_-_Fausses_blondes_infiltr\u00e9es.png", "genre": [-1, -1, 1]}, {"image": "nouveau_dataset/C/American_Pie_2.png", "genre": [-1, -1, 1]}, {"image": "nouveau_dataset/C/Prof_poids_lourd.png", "genre": [-1, 1, 1]}, {"image": "nouveau_dataset/C/Bad_Santa.png", "genre": [-1, -1, 1]}, {"image": "nouveau_dataset/C/Les_ch\u00e8vres_du_Pentagone.png", "genre": [-1, -1, 1]}, {"image": "nouveau_dataset/C/New_York_masala.png", "genre": [-1, -1, 1]}, {"image": "nouveau_dataset/C/Mr_Smith_au_s\u00e9nat.png", "genre": [-1, -1, 1]}, {"image": "nouveau_dataset/C/Rien_\u00e0_perdre.png", "genre": [-1, 1, 1]}, {"image": "nouveau_dataset/C/Flic_de_haut_vol.png", "genre": [-1, 1, 1]}, {"image": "nouveau_dataset/C/Comme_un_chef.png", "genre": [-1, -1, 1]}, {"image": "nouveau_dataset/C/Quand_Chuck_rencontre_Larry.png", "genre": [-1, -1, 1]}, {"image": "nouveau_dataset/C/La_r\u00e8gle_du_jeu.png", "genre": [-1, -1, 1]}, {"image": "nouveau_dataset/C/Je_suis_timide_mais_je_me_soigne.png", "genre": [-1, -1, 1]}, {"image": "nouveau_dataset/C/Men_in_Black_2.png", "genre": [-1, 1, 1]}, {"image": "nouveau_dataset/C/Friday.png", "genre": [-1, -1, 1]}, {"image": "nouveau_dataset/C/Fight_Games.png", "genre": [-1, -1, 1]}, {"image": "nouveau_dataset/C/Good_Boys.png", "genre": [-1, -1, 1]}, {"image": "nouveau_dataset/C/Projet_X.png", "genre": [-1, -1, 1]}, {"image": "nouveau_dataset/C/Dans_la_peau_de_John_Malkovich.png", "genre": [-1, -1, 1]}, {"image": "nouveau_dataset/C/Les_aventures_de_Rabbi_Jacob.png", "genre": [-1, -1, 1]}, {"image": "nouveau_dataset/C/Le_Nouveau_Stagiaire.png", "genre": [-1, -1, 1]}, {"image": "nouveau_dataset/C/Le_Monde_de_Nemo.png", "genre": [-1, -1, 1]}, {"image": "nouveau_dataset/C/Paris-Manhattan.png", "genre": [-1, -1, 1]}, {"image": "nouveau_dataset/C/Le_cirque.png", "genre": [-1, -1, 1]}, {"image": "nouveau_dataset/C/Le_go\u00fbt_des_autres.png", "genre": [-1, -1, 1]}, {"image": "nouveau_dataset/C/Frangins_malgr\u00e9_eux.png", "genre": [-1, -1, 1]}, {"image": "nouveau_dataset/C/Interstate_60_Episodes_of_the_Road.png", "genre": [-1, -1, 1]}, {"image": "nouveau_dataset/C/Ghost_Bastards_-_Putain_de_fant\u00f4me.png", "genre": [-1, -1, 1]}, {"image": "nouveau_dataset/C/Johnny_English.png", "genre": [-1, 1, 1]}, {"image": "nouveau_dataset/C/L\u00e0-haut.png", "genre": [-1, -1, 1]}, {"image": "nouveau_dataset/C/La_grande_aventure_Lego.png", "genre": [-1, 1, 1]}, {"image": "nouveau_dataset/C/Le_pari.png", "genre": [-1, -1, 1]}, {"image": "nouveau_dataset/C/Moi,_moche_et_m\u00e9chant.png", "genre": [-1, -1, 1]}, {"image": "nouveau_dataset/C/La_folle_journ\u00e9e_de_Ferris_Bueller.png", "genre": [-1, -1, 1]}, {"image": "nouveau_dataset/C/Porco_Rosso.png", "genre": [-1, -1, 1]}, {"image": "nouveau_dataset/C/La_famille_Tenenbaum.png", "genre": [-1, -1, 1]}, {"image": "nouveau_dataset/C/Jab_We_Met.png", "genre": [-1, -1, 1]}, {"image": "nouveau_dataset/C/Le_mytho_-_Just_Go_with_It.png", "genre": [-1, -1, 1]}, {"image": "nouveau_dataset/C/Andaz_Apna_Apna.png", "genre": [-1, 1, 1]}, {"image": "nouveau_dataset/C/Carry_on_Cabby.png", "genre": [-1, -1, 1]}, {"image": "nouveau_dataset/C/Sacr\u00e9_Robin_des_Bois.png", "genre": [-1, -1, 1]}, {"image": "nouveau_dataset/C/Les_Goonies.png", "genre": [-1, -1, 1]}, {"image": "nouveau_dataset/C/G\u00e9n\u00e9ration_rebelle.png", "genre": [-1, -1, 1]}, {"image": "nouveau_dataset/C/Intouchables.png", "genre": [-1, -1, 1]}, {"image": "nouveau_dataset/C/Le_dilemme.png", "genre": [-1, -1, 1]}, {"image": "nouveau_dataset/C/Little_Miss_Sunshine.png", "genre": [-1, -1, 1]}, {"image": "nouveau_dataset/C/Retour_\u00e0_la_fac.png", "genre": [-1, -1, 1]}, {"image": "nouveau_dataset/C/Easy_Girl.png", "genre": [-1, -1, 1]}, {"image": "nouveau_dataset/C/Arsenic_et_vieilles_dentelles.png", "genre": [-1, -1, 1]}, {"image": "nouveau_dataset/C/Apr\u00e8s_vous.png", "genre": [-1, -1, 1]}, {"image": "nouveau_dataset/C/Le_Cercle_des_po\u00e8tes_disparus.png", "genre": [-1, -1, 1]}, {"image": "nouveau_dataset/C/Il_\u00e9tait_temps.png", "genre": [-1, -1, 1]}, {"image": "nouveau_dataset/C/Les_rois_de_la_glisse.png", "genre": [-1, -1, 1]}, {"image": "nouveau_dataset/C/La_mort_vous_va_si_bien.png", "genre": [1, -1, 1]}, {"image": "nouveau_dataset/C/Frankenstein_junior.png", "genre": [-1, -1, 1]}, {"image": "nouveau_dataset/C/Drillbit_Taylor,_garde_du_corps.png", "genre": [-1, 1, 1]}, {"image": "nouveau_dataset/C/Hannah_et_ses_soeurs.png", "genre": [-1, -1, 1]}, {"image": "nouveau_dataset/C/La_grande_vadrouille.png", "genre": [-1, -1, 1]}, {"image": "nouveau_dataset/C/La_panth\u00e8re_rose_2.png", "genre": [-1, 1, 1]}, {"image": "nouveau_dataset/C/Quand_Harry_rencontre_Sally.png", "genre": [-1, -1, 1]}, {"image": "nouveau_dataset/C/GORA.png", "genre": [-1, -1, 1]}, {"image": "nouveau_dataset/C/La_souris.png", "genre": [-1, -1, 1]}, {"image": "nouveau_dataset/C/Madame_Doubtfire.png", "genre": [-1, -1, 1]}, {"image": "nouveau_dataset/C/Ratatouille.png", "genre": [-1, -1, 1]}, {"image": "nouveau_dataset/C/Do_the_Right_Thing.png", "genre": [-1, -1, 1]}, {"image": "nouveau_dataset/C/Mon_beau-p\u00e8re,_mes_parents_et_moi.png", "genre": [-1, -1, 1]}, {"image": "nouveau_dataset/C/Cours_toujours_Dennis.png", "genre": [-1, -1, 1]}, {"image": "nouveau_dataset/C/Monty_Python__La_Vie_de_Brian.png", "genre": [-1, -1, 1]}, {"image": "nouveau_dataset/C/Barfi!.png", "genre": [-1, -1, 1]}, {"image": "nouveau_dataset/C/Bienvenue_dans_la_jungle.png", "genre": [-1, 1, 1]}, {"image": "nouveau_dataset/C/Napoleon_Dynamite.png", "genre": [-1, -1, 1]}, {"image": "nouveau_dataset/C/Annie_Hall.png", "genre": [-1, -1, 1]}, {"image": "nouveau_dataset/C/Happy_Gilmore.png", "genre": [-1, -1, 1]}, {"image": "nouveau_dataset/C/Rien_que_pour_vos_cheveux.png", "genre": [-1, -1, 1]}, {"image": "nouveau_dataset/C/Badhaai_ho.png", "genre": [-1, -1, 1]}, {"image": "nouveau_dataset/C/La_cage_aux_folles.png", "genre": [-1, -1, 1]}, {"image": "nouveau_dataset/C/Jeux_dangereux.png", "genre": [-1, -1, 1]}, {"image": "nouveau_dataset/C/Les_Miller,_une_famille_en_herbe.png", "genre": [-1, -1, 1]}, {"image": "nouveau_dataset/C/Bronx_\u00e0_Bel_Air.png", "genre": [-1, -1, 1]}, {"image": "nouveau_dataset/C/Rushmore.png", "genre": [-1, -1, 1]}, {"image": "nouveau_dataset/C/Adaptation.png", "genre": [-1, -1, 1]}, {"image": "nouveau_dataset/C/Le_chasseur_de_primes.png", "genre": [-1, 1, 1]}, {"image": "nouveau_dataset/C/Le_bras_de_diamant.png", "genre": [-1, -1, 1]}, {"image": "nouveau_dataset/C/D\u00e9testables_nous.png", "genre": [-1, -1, 1]}, {"image": "nouveau_dataset/H/It_Comes_at_Night.png", "genre": [1, -1, -1]}, {"image": "nouveau_dataset/H/Fido.png", "genre": [1, -1, 1]}, {"image": "nouveau_dataset/H/Strangers_Prey_at_Night.png", "genre": [1, -1, -1]}, {"image": "nouveau_dataset/H/Dans_le_noir.png", "genre": [1, -1, -1]}, {"image": "nouveau_dataset/H/La_peau_sur_les_os.png", "genre": [1, -1, -1]}, {"image": "nouveau_dataset/H/Intuitions.png", "genre": [1, -1, -1]}, {"image": "nouveau_dataset/H/[Rec].png", "genre": [1, -1, -1]}, {"image": "nouveau_dataset/H/Sans_un_bruit.png", "genre": [1, -1, -1]}, {"image": "nouveau_dataset/H/Club_Dread.png", "genre": [1, -1, 1]}, {"image": "nouveau_dataset/H/One_Missed_Call.png", "genre": [1, -1, -1]}, {"image": "nouveau_dataset/H/Saw_V.png", "genre": [1, -1, -1]}, {"image": "nouveau_dataset/H/Hannibal_Lecter_-_Les_origines_du_mal.png", "genre": [1, 1, -1]}, {"image": "nouveau_dataset/H/Les_Yeux_de_Julia.png", "genre": [1, -1, -1]}, {"image": "nouveau_dataset/H/Les_Intrus.png", "genre": [1, -1, -1]}, {"image": "nouveau_dataset/H/Hypnose.png", "genre": [1, -1, -1]}, {"image": "nouveau_dataset/H/Cercle.png", "genre": [1, -1, -1]}, {"image": "nouveau_dataset/H/Le_Cercle_Rings.png", "genre": [1, -1, -1]}, {"image": "nouveau_dataset/H/Fronti\u00e8re(s).png", "genre": [1, -1, -1]}, {"image": "nouveau_dataset/H/Ghost_Stories.png", "genre": [1, -1, -1]}, {"image": "nouveau_dataset/H/Psychose.png", "genre": [1, -1, -1]}, {"image": "nouveau_dataset/H/Paranormal_Activity.png", "genre": [1, -1, -1]}, {"image": "nouveau_dataset/H/Le_blob.png", "genre": [1, -1, -1]}, {"image": "nouveau_dataset/H/Abraham_Lincoln_Chasseur_de_vampires.png", "genre": [1, 1, -1]}, {"image": "nouveau_dataset/H/Alien_vs_Predator.png", "genre": [1, 1, -1]}, {"image": "nouveau_dataset/H/Night_Watch.png", "genre": [1, 1, -1]}, {"image": "nouveau_dataset/H/Dark_Skies.png", "genre": [1, -1, -1]}, {"image": "nouveau_dataset/H/Les_Ch\u00e2timents.png", "genre": [1, -1, -1]}, {"image": "nouveau_dataset/H/Scream_2.png", "genre": [1, -1, -1]}, {"image": "nouveau_dataset/H/High_Life.png", "genre": [1, -1, -1]}, {"image": "nouveau_dataset/H/Butcher_la_l\u00e9gende_de_Victor_Crowley.png", "genre": [1, -1, 1]}, {"image": "nouveau_dataset/H/Arac_Attack,_les_monstres_\u00e0_huit_pattes.png", "genre": [1, 1, 1]}, {"image": "nouveau_dataset/H/Dark_Shadows.png", "genre": [1, -1, 1]}, {"image": "nouveau_dataset/H/Les_messagers.png", "genre": [1, -1, -1]}, {"image": "nouveau_dataset/H/Saw_3D_-_Chapitre_final.png", "genre": [1, -1, -1]}, {"image": "nouveau_dataset/H/Climax.png", "genre": [1, -1, -1]}, {"image": "nouveau_dataset/H/Severance.png", "genre": [1, -1, 1]}, {"image": "nouveau_dataset/H/Crawl.png", "genre": [1, 1, -1]}, {"image": "nouveau_dataset/H/H\u00f4tel_Transylvanie_2.png", "genre": [1, -1, 1]}, {"image": "nouveau_dataset/H/Blair_Witch_2_Le_Livre_des_ombres.png", "genre": [1, -1, -1]}, {"image": "nouveau_dataset/H/American_Nightmare_2_Anarchy.png", "genre": [1, 1, -1]}, {"image": "nouveau_dataset/H/Les_sorci\u00e8res.png", "genre": [1, -1, 1]}, {"image": "nouveau_dataset/H/Kill_List.png", "genre": [1, 1, -1]}, {"image": "nouveau_dataset/H/Doom.png", "genre": [1, 1, -1]}, {"image": "nouveau_dataset/H/1922.png", "genre": [1, -1, -1]}, {"image": "nouveau_dataset/H/Re-Animator.png", "genre": [1, -1, 1]}, {"image": "nouveau_dataset/H/La_mal\u00e9diction_de_Chucky.png", "genre": [1, -1, -1]}, {"image": "nouveau_dataset/H/Massacre_\u00e0_la_tron\u00e7onneuse_2.png", "genre": [1, -1, 1]}, {"image": "nouveau_dataset/H/10_Cloverfield_Lane.png", "genre": [1, 1, -1]}, {"image": "nouveau_dataset/H/Boogeyman_-_La_porte_des_cauchemars.png", "genre": [1, -1, -1]}, {"image": "nouveau_dataset/H/Annihilation.png", "genre": [1, -1, -1]}, {"image": "nouveau_dataset/H/Splice.png", "genre": [1, -1, -1]}, {"image": "nouveau_dataset/H/Pas_un_bruit.png", "genre": [1, -1, -1]}, {"image": "nouveau_dataset/H/Happy_Birthdead.png", "genre": [1, -1, 1]}, {"image": "nouveau_dataset/H/Mandy.png", "genre": [1, -1, -1]}, {"image": "nouveau_dataset/H/Le_Rituel.png", "genre": [1, -1, -1]}, {"image": "nouveau_dataset/H/13_fant\u00f4mes.png", "genre": [1, -1, -1]}, {"image": "nouveau_dataset/H/Les_Griffes_de_la_nuit.png", "genre": [1, -1, -1]}, {"image": "nouveau_dataset/H/May.png", "genre": [1, -1, 1]}, {"image": "nouveau_dataset/H/Le_projet_Blair_Witch.png", "genre": [1, -1, -1]}, {"image": "nouveau_dataset/H/Fant\u00f4mes_contre_fant\u00f4mes.png", "genre": [1, -1, 1]}, {"image": "nouveau_dataset/H/Destination_finale_3.png", "genre": [1, -1, -1]}, {"image": "nouveau_dataset/H/Cannibal_Holocaust.png", "genre": [1, -1, -1]}, {"image": "nouveau_dataset/H/Les_Dents_de_la_mer,_2\u1d49_partie.png", "genre": [1, -1, -1]}, {"image": "nouveau_dataset/H/Les_d\u00e9mons_du_ma\u00efs.png", "genre": [1, -1, -1]}, {"image": "nouveau_dataset/H/I_Spit_on_Your_Grave_2.png", "genre": [1, -1, -1]}, {"image": "nouveau_dataset/H/Les_ruines.png", "genre": [1, -1, -1]}, {"image": "nouveau_dataset/H/Chambre_1408.png", "genre": [1, -1, -1]}, {"image": "nouveau_dataset/H/Simetierre.png", "genre": [1, -1, -1]}, {"image": "nouveau_dataset/H/Sleepy_Hollow,_La_l\u00e9gende_du_cavalier_sans_t\u00eate.png", "genre": [1, -1, -1]}, {"image": "nouveau_dataset/H/Morgane.png", "genre": [1, 1, -1]}, {"image": "nouveau_dataset/H/Ju-on_The_grudge.png", "genre": [1, -1, -1]}, {"image": "nouveau_dataset/H/Alien,_la_r\u00e9surrection.png", "genre": [1, 1, -1]}, {"image": "nouveau_dataset/H/Le_Pacte_des_Loups.png", "genre": [1, 1, -1]}, {"image": "nouveau_dataset/H/Dans_les_hautes_herbes.png", "genre": [1, -1, -1]}, {"image": "nouveau_dataset/H/Resident_Evil_Apocalypse.png", "genre": [1, 1, -1]}, {"image": "nouveau_dataset/H/Frankenstein(b).png", "genre": [1, -1, -1]}, {"image": "nouveau_dataset/H/La_nuit_des_morts-vivants(b).png", "genre": [1, -1, -1]}, {"image": "nouveau_dataset/H/Laxmii.png", "genre": [1, 1, 1]}, {"image": "nouveau_dataset/H/Eden_Lake.png", "genre": [1, -1, -1]}, {"image": "nouveau_dataset/H/Meurtres_en_3_dimensions.png", "genre": [1, -1, -1]}, {"image": "nouveau_dataset/H/Crimson_Peak.png", "genre": [1, -1, -1]}, {"image": "nouveau_dataset/H/Daybreakers.png", "genre": [1, 1, -1]}, {"image": "nouveau_dataset/H/Dracula_Untold.png", "genre": [1, 1, -1]}, {"image": "nouveau_dataset/H/Dead_Snow.png", "genre": [1, -1, 1]}, {"image": "nouveau_dataset/H/eXistenZ.png", "genre": [1, -1, -1]}, {"image": "nouveau_dataset/H/Alien_-_Le_8\u00e8me_passager.png", "genre": [1, -1, -1]}, {"image": "nouveau_dataset/H/Le_sous-sol_de_la_peur.png", "genre": [1, -1, 1]}, {"image": "nouveau_dataset/H/Solitaire.png", "genre": [1, 1, -1]}, {"image": "nouveau_dataset/H/Constantine.png", "genre": [1, 1, -1]}, {"image": "nouveau_dataset/H/Les_nouveaux_mutants.png", "genre": [1, 1, -1]}, {"image": "nouveau_dataset/H/La_proph\u00e9tie_des_ombres.png", "genre": [1, -1, -1]}, {"image": "nouveau_dataset/H/H\u00f4tel_Transylvanie.png", "genre": [1, -1, 1]}, {"image": "nouveau_dataset/H/Annabelle_-_La_Maison_Du_Mal.png", "genre": [1, -1, -1]}, {"image": "nouveau_dataset/H/Pitch_Black.png", "genre": [1, 1, -1]}, {"image": "nouveau_dataset/H/Firestarter.png", "genre": [1, 1, -1]}, {"image": "nouveau_dataset/H/Dead_Silence.png", "genre": [1, -1, -1]}, {"image": "nouveau_dataset/H/Le_cas_39.png", "genre": [1, -1, -1]}, {"image": "nouveau_dataset/H/Le_dernier_rite.png", "genre": [1, -1, -1]}, {"image": "nouveau_dataset/H/La_colline_a_des_yeux.png", "genre": [1, -1, -1]}, {"image": "nouveau_dataset/H/American_Nightmare_3__\u00c9lections.png", "genre": [1, 1, -1]}, {"image": "nouveau_dataset/H/Ouija_les_origines.png", "genre": [1, -1, -1]}, {"image": "nouveau_dataset/H/Annabelle.png", "genre": [1, -1, -1]}, {"image": "nouveau_dataset/H/En_quarantaine.png", "genre": [1, -1, -1]}, {"image": "nouveau_dataset/H/Instinct_de_survie.png", "genre": [1, 1, -1]}, {"image": "nouveau_dataset/H/Slender_Man.png", "genre": [1, -1, -1]}, {"image": "nouveau_dataset/H/Buffy,_tueuse_de_vampires.png", "genre": [1, 1, 1]}, {"image": "nouveau_dataset/H/Plan\u00e8te_hurlante.png", "genre": [1, -1, -1]}, {"image": "nouveau_dataset/H/Le_Cercle_-_The_Ring_2.png", "genre": [1, -1, -1]}, {"image": "nouveau_dataset/H/Freddy_3__Les_Griffes_du_cauchemar.png", "genre": [1, -1, -1]}, {"image": "nouveau_dataset/H/Dead_Zone.png", "genre": [1, -1, -1]}, {"image": "nouveau_dataset/H/Green_Room.png", "genre": [1, -1, -1]}, {"image": "nouveau_dataset/H/Split.png", "genre": [1, -1, -1]}, {"image": "nouveau_dataset/H/Freaks_-_La_monstrueuse_parade.png", "genre": [1, -1, -1]}, {"image": "nouveau_dataset/H/30_jours_de_nuit.png", "genre": [1, 1, -1]}, {"image": "nouveau_dataset/H/Le_Loup-garou_de_Londres.png", "genre": [1, -1, 1]}, {"image": "nouveau_dataset/H/Catacombes.png", "genre": [1, -1, -1]}, {"image": "nouveau_dataset/H/Le_jour_des_morts-vivants.png", "genre": [1, -1, -1]}, {"image": "nouveau_dataset/H/Conjuring_Les_dossiers_Warren.png", "genre": [1, -1, -1]}, {"image": "nouveau_dataset/H/Lazarus_Effect.png", "genre": [1, -1, -1]}, {"image": "nouveau_dataset/H/Les_yeux_sans_visage.png", "genre": [1, -1, -1]}, {"image": "nouveau_dataset/H/Halloween.png", "genre": [1, -1, -1]}, {"image": "nouveau_dataset/H/Sinister.png", "genre": [1, -1, -1]}, {"image": "nouveau_dataset/H/Le_sixi\u00e8me_sens.png", "genre": [1, -1, -1]}, {"image": "nouveau_dataset/H/Happy_Birthdead_2_You.png", "genre": [1, -1, 1]}, {"image": "nouveau_dataset/H/Scanners.png", "genre": [1, -1, -1]}, {"image": "nouveau_dataset/H/Bug.png", "genre": [1, -1, -1]}, {"image": "nouveau_dataset/H/Massacre_\u00e0_la_tron\u00e7onneuse__Le_commencement.png", "genre": [1, -1, -1]}, {"image": "nouveau_dataset/H/Scream_4.png", "genre": [1, -1, -1]}, {"image": "nouveau_dataset/H/La_Quatri\u00e8me_Dimension.png", "genre": [1, -1, -1]}, {"image": "nouveau_dataset/H/La_Nuit_des_morts-vivants.png", "genre": [1, -1, -1]}, {"image": "nouveau_dataset/H/Blade_Trinity.png", "genre": [1, 1, -1]}, {"image": "nouveau_dataset/H/Mother.png", "genre": [1, -1, -1]}, {"image": "nouveau_dataset/H/Session_9.png", "genre": [1, -1, -1]}, {"image": "nouveau_dataset/H/Insidious_la_derni\u00e8re_cl\u00e9.png", "genre": [1, -1, -1]}, {"image": "nouveau_dataset/H/Les_rivi\u00e8res_pourpres.png", "genre": [1, -1, -1]}, {"image": "nouveau_dataset/H/Stake_Land.png", "genre": [1, -1, -1]}, {"image": "nouveau_dataset/H/Le_chaperon_rouge.png", "genre": [1, -1, -1]}, {"image": "nouveau_dataset/H/Le_Bal_des_vampires.png", "genre": [1, -1, 1]}, {"image": "nouveau_dataset/H/Possession.png", "genre": [1, -1, -1]}, {"image": "nouveau_dataset/H/La_Mal\u00e9diction.png", "genre": [1, -1, -1]}, {"image": "nouveau_dataset/H/La_piel_que_habito.png", "genre": [1, -1, -1]}, {"image": "nouveau_dataset/H/Pontypool.png", "genre": [1, -1, -1]}, {"image": "nouveau_dataset/H/Get_Out.png", "genre": [1, -1, -1]}, {"image": "nouveau_dataset/H/Les_Dents_de_la_mer_4__La_Revanche.png", "genre": [1, -1, -1]}, {"image": "nouveau_dataset/H/Gremlins.png", "genre": [1, -1, 1]}, {"image": "nouveau_dataset/H/Mords-moi_sans_h\u00e9sitation.png", "genre": [1, -1, 1]}, {"image": "nouveau_dataset/H/La_maison_du_diable.png", "genre": [1, -1, -1]}, {"image": "nouveau_dataset/H/Jeepers_Creepers_2.png", "genre": [1, -1, -1]}, {"image": "nouveau_dataset/H/La_mutante.png", "genre": [1, 1, -1]}, {"image": "nouveau_dataset/H/Les_Innocents.png", "genre": [1, -1, -1]}, {"image": "nouveau_dataset/H/A_Girl_Walks_Home_Alone_at_Night.png", "genre": [1, -1, -1]}, {"image": "nouveau_dataset/H/La_mal\u00e9diction(b).png", "genre": [1, 1, -1]}, {"image": "nouveau_dataset/H/Eraserhead.png", "genre": [1, -1, -1]}, {"image": "nouveau_dataset/H/Bone_Tomahawk.png", "genre": [1, -1, -1]}, {"image": "nouveau_dataset/H/Hysteria.png", "genre": [1, -1, -1]}, {"image": "nouveau_dataset/H/Haute_tension.png", "genre": [1, -1, -1]}, {"image": "nouveau_dataset/H/La_Baby-Sitter.png", "genre": [1, -1, 1]}, {"image": "nouveau_dataset/H/La_Porte_des_secrets.png", "genre": [1, -1, -1]}, {"image": "nouveau_dataset/H/Freddy_contre_Jason.png", "genre": [1, 1, -1]}, {"image": "nouveau_dataset/H/Fright_Night.png", "genre": [1, -1, 1]}, {"image": "nouveau_dataset/H/Godzilla.png", "genre": [1, -1, -1]}, {"image": "nouveau_dataset/H/Jason_X.png", "genre": [1, 1, -1]}, {"image": "nouveau_dataset/H/Black_Death.png", "genre": [1, 1, -1]}, {"image": "nouveau_dataset/H/Massacre_\u00e0_la_tron\u00e7onneuse.png", "genre": [1, -1, -1]}, {"image": "nouveau_dataset/H/La_Nuit_des_masques.png", "genre": [1, -1, -1]}, {"image": "nouveau_dataset/H/Eli.png", "genre": [1, -1, -1]}, {"image": "nouveau_dataset/H/Ouija.png", "genre": [1, -1, -1]}, {"image": "nouveau_dataset/H/Midnight_Meat_Train.png", "genre": [1, -1, -1]}, {"image": "nouveau_dataset/H/En_eaux_troubles.png", "genre": [1, 1, -1]}, {"image": "nouveau_dataset/H/Sacr\u00e9es_sorci\u00e8res.png", "genre": [1, -1, 1]}, {"image": "nouveau_dataset/H/Entretien_avec_un_vampire.png", "genre": [1, -1, -1]}, {"image": "nouveau_dataset/H/Shining.png", "genre": [1, -1, -1]}, {"image": "nouveau_dataset/H/Alien\u00b3.png", "genre": [1, 1, -1]}, {"image": "nouveau_dataset/H/Ginger_Snaps.png", "genre": [1, -1, -1]}, {"image": "nouveau_dataset/H/Le_silence_des_ombres.png", "genre": [1, -1, -1]}, {"image": "nouveau_dataset/H/Le_voyeur.png", "genre": [1, -1, -1]}, {"image": "nouveau_dataset/H/Le_Cobaye.png", "genre": [1, -1, -1]}, {"image": "nouveau_dataset/H/La_Mal\u00e9diction_Winchester.png", "genre": [1, -1, -1]}, {"image": "nouveau_dataset/H/Carrie,_la_vengeance.png", "genre": [1, -1, -1]}, {"image": "nouveau_dataset/H/Mirrors.png", "genre": [1, -1, -1]}, {"image": "nouveau_dataset/H/Mama.png", "genre": [1, -1, -1]}, {"image": "nouveau_dataset/H/Horribilis.png", "genre": [1, -1, 1]}, {"image": "nouveau_dataset/H/Captive_State.png", "genre": [1, 1, -1]}, {"image": "nouveau_dataset/H/BloodRayne.png", "genre": [1, 1, -1]}, {"image": "nouveau_dataset/H/28_semaines_plus_tard.png", "genre": [1, -1, -1]}, {"image": "nouveau_dataset/H/Les_fr\u00e8res_Grimm.png", "genre": [1, 1, 1]}, {"image": "nouveau_dataset/H/Piranha_3D.png", "genre": [1, -1, 1]}, {"image": "nouveau_dataset/H/Shutter.png", "genre": [1, -1, -1]}, {"image": "nouveau_dataset/H/Frankenweenie.png", "genre": [1, -1, 1]}, {"image": "nouveau_dataset/H/Pandorum.png", "genre": [1, 1, -1]}, {"image": "nouveau_dataset/H/Damien__La_Mal\u00e9diction_II.png", "genre": [1, -1, -1]}, {"image": "nouveau_dataset/H/Amityville__La_Maison_du_diable.png", "genre": [1, -1, -1]}, {"image": "nouveau_dataset/H/Invasion_Los_Angeles.png", "genre": [1, 1, -1]}, {"image": "nouveau_dataset/H/Cronos.png", "genre": [1, -1, -1]}, {"image": "nouveau_dataset/H/Jessie.png", "genre": [1, -1, -1]}, {"image": "nouveau_dataset/H/Apollo_18.png", "genre": [1, -1, -1]}, {"image": "nouveau_dataset/H/Byzantium.png", "genre": [1, -1, -1]}, {"image": "nouveau_dataset/H/Open_water_-_En_eaux_profondes.png", "genre": [1, -1, -1]}, {"image": "nouveau_dataset/H/Saw_3.png", "genre": [1, -1, -1]}, {"image": "nouveau_dataset/H/Les_autres.png", "genre": [1, -1, -1]}, {"image": "nouveau_dataset/H/Jeepers_Creepers_Le_Chant_du_diable.png", "genre": [1, -1, -1]}, {"image": "nouveau_dataset/H/Orgueil_et_pr\u00e9jug\u00e9s_et_zombies.png", "genre": [1, 1, 1]}, {"image": "nouveau_dataset/H/Martyrs.png", "genre": [1, -1, -1]}, {"image": "nouveau_dataset/H/Blade.png", "genre": [1, 1, -1]}, {"image": "nouveau_dataset/H/Resident_Evil_Afterlife.png", "genre": [1, 1, -1]}, {"image": "nouveau_dataset/H/Insidious_Chapitre_3.png", "genre": [1, -1, -1]}, {"image": "nouveau_dataset/H/Esther.png", "genre": [1, -1, -1]}, {"image": "nouveau_dataset/H/Devil_Inside.png", "genre": [1, -1, -1]}, {"image": "nouveau_dataset/H/Maggie.png", "genre": [1, -1, -1]}, {"image": "nouveau_dataset/H/Dangereuse_alliance.png", "genre": [1, -1, -1]}, {"image": "nouveau_dataset/H/Halloween(b).png", "genre": [1, -1, -1]}, {"image": "nouveau_dataset/H/Hellraiser_3.png", "genre": [1, -1, -1]}, {"image": "nouveau_dataset/H/Profession_profiler.png", "genre": [1, -1, -1]}, {"image": "nouveau_dataset/H/Critters.png", "genre": [1, -1, 1]}, {"image": "nouveau_dataset/H/Insidious_Chapitre_2.png", "genre": [1, -1, -1]}, {"image": "nouveau_dataset/H/Shark_3D.png", "genre": [1, -1, -1]}, {"image": "nouveau_dataset/H/Halloween_R\u00e9surrection.png", "genre": [1, -1, -1]}, {"image": "nouveau_dataset/H/Resident_Evil_Extinction.png", "genre": [1, 1, -1]}, {"image": "nouveau_dataset/H/Only_Lovers_Left_Alive.png", "genre": [1, -1, 1]}, {"image": "nouveau_dataset/H/[Rec]_\u00b2.png", "genre": [1, -1, -1]}, {"image": "nouveau_dataset/H/Laisse-moi_entrer.png", "genre": [1, -1, -1]}, {"image": "nouveau_dataset/H/Cabin_fever_-_fi\u00e8vre_noire.png", "genre": [1, -1, -1]}, {"image": "nouveau_dataset/H/Le_secret_des_Marrowbone.png", "genre": [1, -1, -1]}, {"image": "nouveau_dataset/H/La_dame_en_noir.png", "genre": [1, -1, -1]}, {"image": "nouveau_dataset/H/\u00c7a.png", "genre": [1, -1, -1]}, {"image": "nouveau_dataset/H/Cargo.png", "genre": [1, -1, -1]}, {"image": "nouveau_dataset/H/Scream_3.png", "genre": [1, -1, -1]}, {"image": "nouveau_dataset/H/Candyman.png", "genre": [1, -1, -1]}, {"image": "nouveau_dataset/H/Splinter.png", "genre": [1, -1, -1]}, {"image": "nouveau_dataset/H/His_House.png", "genre": [1, -1, -1]}, {"image": "nouveau_dataset/H/Les_Oiseaux.png", "genre": [1, -1, -1]}, {"image": "nouveau_dataset/H/King_Kong,_la_huiti\u00e8me_merveille_du_monde.png", "genre": [1, -1, -1]}, {"image": "nouveau_dataset/H/La_Derni\u00e8re_Maison_sur_la_gauche(b).png", "genre": [1, -1, -1]}, {"image": "nouveau_dataset/H/Destination_finale_4.png", "genre": [1, 1, -1]}, {"image": "nouveau_dataset/H/Blade_II.png", "genre": [1, 1, -1]}, {"image": "nouveau_dataset/H/Piranha_3DD.png", "genre": [1, -1, 1]}, {"image": "nouveau_dataset/H/Le_Cercle_-_The_Ring.png", "genre": [1, -1, -1]}, {"image": "nouveau_dataset/H/Alone_in_the_Dark.png", "genre": [1, 1, -1]}, {"image": "nouveau_dataset/H/Braindead.png", "genre": [1, -1, 1]}, {"image": "nouveau_dataset/H/Oz_Un_monde_extraordinaire.png", "genre": [1, -1, -1]}, {"image": "nouveau_dataset/H/Ils.png", "genre": [1, -1, -1]}, {"image": "nouveau_dataset/H/Massacre_\u00e0_la_tron\u00e7onneuse(b).png", "genre": [1, -1, -1]}, {"image": "nouveau_dataset/H/Scary_Stories.png", "genre": [1, -1, -1]}, {"image": "nouveau_dataset/H/\u00c7a_Chapitre_2.png", "genre": [1, -1, -1]}, {"image": "nouveau_dataset/H/G\u00e9n\u00e9ration_perdue.png", "genre": [1, -1, 1]}, {"image": "nouveau_dataset/H/Saw_4.png", "genre": [1, -1, -1]}, {"image": "nouveau_dataset/H/Day_Watch.png", "genre": [1, 1, -1]}, {"image": "nouveau_dataset/H/Death_Note.png", "genre": [1, 1, -1]}, {"image": "nouveau_dataset/H/Le_cabinet_du_docteur_Caligari.png", "genre": [1, -1, -1]}, {"image": "nouveau_dataset/H/Saw_6.png", "genre": [1, -1, -1]}, {"image": "nouveau_dataset/H/Freaky.png", "genre": [1, -1, 1]}, {"image": "nouveau_dataset/H/Sans_un_bruit_2.png", "genre": [1, -1, -1]}, {"image": "nouveau_dataset/H/Apparences.png", "genre": [1, -1, -1]}, {"image": "nouveau_dataset/H/Grave_Encounters.png", "genre": [1, -1, -1]}, {"image": "nouveau_dataset/H/Resident_Evil_Degeneration.png", "genre": [1, 1, -1]}, {"image": "nouveau_dataset/H/Chucky,_la_poup\u00e9e_de_sang.png", "genre": [1, -1, -1]}, {"image": "nouveau_dataset/H/Cell_Phone.png", "genre": [1, 1, -1]}, {"image": "nouveau_dataset/H/Cam.png", "genre": [1, -1, -1]}, {"image": "nouveau_dataset/H/H\u00e9r\u00e9dit\u00e9.png", "genre": [1, -1, -1]}, {"image": "nouveau_dataset/H/Halloween_4.png", "genre": [1, -1, -1]}, {"image": "nouveau_dataset/H/Carrie_au_bal_du_diable.png", "genre": [1, -1, -1]}, {"image": "nouveau_dataset/H/Diary_of_the_dead_-_Chroniques_des_morts-vivants.png", "genre": [1, -1, -1]}, {"image": "nouveau_dataset/H/2_soeurs.png", "genre": [1, -1, -1]}, {"image": "nouveau_dataset/H/Au-del\u00e0_du_r\u00e9el.png", "genre": [1, -1, -1]}, {"image": "nouveau_dataset/H/Hellboy(b).png", "genre": [1, 1, -1]}, {"image": "nouveau_dataset/H/Scream_Girl.png", "genre": [1, -1, 1]}, {"image": "nouveau_dataset/H/La_fianc\u00e9e_de_Chucky.png", "genre": [1, -1, 1]}, {"image": "nouveau_dataset/H/Red_State.png", "genre": [1, 1, -1]}, {"image": "nouveau_dataset/H/Poltergeist.png", "genre": [1, -1, -1]}, {"image": "nouveau_dataset/H/La_petite_boutique_des_horreurs.png", "genre": [1, -1, 1]}, {"image": "nouveau_dataset/H/Paranormal_Activity_3.png", "genre": [1, -1, -1]}, {"image": "nouveau_dataset/H/Le_tueur_du_vendredi.png", "genre": [1, -1, -1]}, {"image": "nouveau_dataset/H/Conjuring_2__Le_Cas_Enfield.png", "genre": [1, -1, -1]}, {"image": "nouveau_dataset/H/Spirits.png", "genre": [1, -1, -1]}, {"image": "nouveau_dataset/H/Faux-semblants.png", "genre": [1, -1, -1]}, {"image": "nouveau_dataset/H/Creep(b).png", "genre": [1, -1, -1]}, {"image": "nouveau_dataset/H/Pi.png", "genre": [1, -1, -1]}, {"image": "nouveau_dataset/H/13_Sins.png", "genre": [1, -1, -1]}, {"image": "nouveau_dataset/H/Gothika.png", "genre": [1, -1, -1]}, {"image": "nouveau_dataset/H/Halloween,_20_ans_apr\u00e8s.png", "genre": [1, -1, -1]}, {"image": "nouveau_dataset/H/King_Kong.png", "genre": [1, -1, -1]}, {"image": "nouveau_dataset/H/Bird_Box.png", "genre": [1, -1, -1]}, {"image": "nouveau_dataset/H/Scream.png", "genre": [1, -1, -1]}, {"image": "nouveau_dataset/H/Prince_des_t\u00e9n\u00e8bres.png", "genre": [1, -1, -1]}, {"image": "nouveau_dataset/H/Alien_Covenant.png", "genre": [1, -1, -1]}, {"image": "nouveau_dataset/H/Freddy_sort_de_la_nuit.png", "genre": [1, -1, -1]}, {"image": "nouveau_dataset/H/Black_Sheep.png", "genre": [1, -1, 1]}, {"image": "nouveau_dataset/H/Grave.png", "genre": [1, -1, -1]}, {"image": "nouveau_dataset/H/Silent_Hill.png", "genre": [1, -1, -1]}, {"image": "nouveau_dataset/H/Le_dernier_exorcisme.png", "genre": [1, -1, -1]}, {"image": "nouveau_dataset/H/Poltergeist_II.png", "genre": [1, -1, -1]}, {"image": "nouveau_dataset/H/Le_retour_des_morts_vivants.png", "genre": [1, -1, 1]}, {"image": "nouveau_dataset/H/Destination_Finale_5.png", "genre": [1, 1, -1]}, {"image": "nouveau_dataset/H/Spring.png", "genre": [1, -1, -1]}, {"image": "nouveau_dataset/H/Sinister_2.png", "genre": [1, -1, -1]}, {"image": "nouveau_dataset/H/Saw.png", "genre": [1, -1, -1]}, {"image": "nouveau_dataset/H/La_reine_des_damn\u00e9s.png", "genre": [1, -1, -1]}, {"image": "nouveau_dataset/H/Ghostland.png", "genre": [1, -1, -1]}, {"image": "nouveau_dataset/H/Ma.png", "genre": [1, -1, -1]}, {"image": "nouveau_dataset/H/Color_Out_of_Space.png", "genre": [1, -1, -1]}, {"image": "nouveau_dataset/H/Dracula(b).png", "genre": [1, -1, -1]}, {"image": "nouveau_dataset/H/Oeil_pour_oeil.png", "genre": [1, -1, -1]}, {"image": "nouveau_dataset/H/La_revanche_de_Freddy.png", "genre": [1, -1, -1]}, {"image": "nouveau_dataset/H/Land_of_the_Dead_-_Le_territoire_des_morts.png", "genre": [1, -1, -1]}, {"image": "nouveau_dataset/H/John_Dies_at_the_End.png", "genre": [1, -1, 1]}, {"image": "nouveau_dataset/H/Insidious.png", "genre": [1, -1, -1]}, {"image": "nouveau_dataset/H/La_maison_des_ombres.png", "genre": [1, -1, -1]}, {"image": "nouveau_dataset/H/Le_Village_des_damn\u00e9s.png", "genre": [1, -1, -1]}, {"image": "nouveau_dataset/H/Creep.png", "genre": [1, -1, -1]}, {"image": "nouveau_dataset/H/Action_ou_v\u00e9rit\u00e9.png", "genre": [1, -1, -1]}, {"image": "nouveau_dataset/H/Devil.png", "genre": [1, -1, -1]}, {"image": "nouveau_dataset/H/Mister_Babadook.png", "genre": [1, -1, -1]}, {"image": "nouveau_dataset/H/Jigsaw.png", "genre": [1, -1, -1]}, {"image": "nouveau_dataset/H/Feast.png", "genre": [1, 1, 1]}, {"image": "nouveau_dataset/H/La_Mouche.png", "genre": [1, -1, -1]}, {"image": "nouveau_dataset/H/Poss\u00e9d\u00e9e.png", "genre": [1, -1, -1]}, {"image": "nouveau_dataset/H/La_fianc\u00e9e_de_Frankenstein.png", "genre": [1, -1, -1]}, {"image": "nouveau_dataset/H/Halloween_II.png", "genre": [1, -1, -1]}, {"image": "nouveau_dataset/H/Open_Grave.png", "genre": [1, -1, -1]}, {"image": "nouveau_dataset/H/La_maison_des_1000_morts.png", "genre": [1, -1, -1]}, {"image": "nouveau_dataset/H/American_Crime.png", "genre": [1, -1, -1]}, {"image": "nouveau_dataset/H/Dark_Water.png", "genre": [1, -1, -1]}, {"image": "nouveau_dataset/H/Resident_Evil_Retribution.png", "genre": [1, 1, -1]}, {"image": "nouveau_dataset/H/House_of_the_Dead.png", "genre": [1, 1, -1]}, {"image": "nouveau_dataset/H/La_famille_Addams.png", "genre": [1, -1, 1]}, {"image": "nouveau_dataset/H/D\u00e9tour_mortel.png", "genre": [1, -1, -1]}, {"image": "nouveau_dataset/H/Hellboy.png", "genre": [1, 1, -1]}, {"image": "nouveau_dataset/H/Creepshow.png", "genre": [1, -1, 1]}, {"image": "nouveau_dataset/H/American_Nightmare_4_Les_Origines.png", "genre": [1, 1, -1]}, {"image": "nouveau_dataset/H/La_fin_des_temps.png", "genre": [1, 1, -1]}, {"image": "nouveau_dataset/H/La_Plateforme.png", "genre": [1, -1, -1]}, {"image": "nouveau_dataset/H/Christine.png", "genre": [1, -1, -1]}, {"image": "nouveau_dataset/H/D\u00e9livre-nous_du_mal.png", "genre": [1, 1, -1]}, {"image": "nouveau_dataset/H/Nosferatu,_fant\u00f4me_de_la_nuit.png", "genre": [1, -1, -1]}, {"image": "nouveau_dataset/H/La_Mal\u00e9diction_de_la_Dame_blanche.png", "genre": [1, -1, -1]}, {"image": "nouveau_dataset/H/Relic.png", "genre": [1, -1, -1]}, {"image": "nouveau_dataset/H/Psycho.png", "genre": [1, -1, -1]}, {"image": "nouveau_dataset/H/Calme_blanc.png", "genre": [1, -1, -1]}, {"image": "nouveau_dataset/H/Arachnophobie.png", "genre": [1, -1, 1]}, {"image": "nouveau_dataset/H/P\u00e8re_No\u00ebl_Origines.png", "genre": [1, -1, -1]}, {"image": "nouveau_dataset/H/Saw_2.png", "genre": [1, -1, -1]}, {"image": "nouveau_dataset/H/Phantasm.png", "genre": [1, -1, -1]}, {"image": "nouveau_dataset/H/Destination_finale_2.png", "genre": [1, -1, -1]}, {"image": "nouveau_dataset/H/Dead_End.png", "genre": [1, -1, -1]}, {"image": "nouveau_dataset/H/Doctor_Sleep.png", "genre": [1, -1, -1]}, {"image": "nouveau_dataset/H/Amityville.png", "genre": [1, -1, -1]}, {"image": "nouveau_dataset/H/Morse.png", "genre": [1, -1, -1]}, {"image": "nouveau_dataset/H/Salo_ou_les_120_journ\u00e9es_de_Sodome.png", "genre": [1, -1, -1]}, {"image": "nouveau_dataset/H/Life_Origine_inconnue.png", "genre": [1, -1, -1]}, {"image": "nouveau_dataset/H/Dark_Water(b).png", "genre": [1, -1, -1]}, {"image": "nouveau_dataset/H/Stree.png", "genre": [1, -1, 1]}, {"image": "nouveau_dataset/H/Personal_Shopper.png", "genre": [1, -1, -1]}, {"image": "nouveau_dataset/H/Mise_\u00e0_mort_du_cerf_sacr\u00e9.png", "genre": [1, -1, -1]}, {"image": "nouveau_dataset/H/Antichrist.png", "genre": [1, -1, -1]}, {"image": "nouveau_dataset/H/La_maison_au_bout_de_la_rue.png", "genre": [1, -1, -1]}, {"image": "nouveau_dataset/H/La_nonne.png", "genre": [1, -1, -1]}, {"image": "nouveau_dataset/H/Bad_Taste.png", "genre": [1, -1, 1]}, {"image": "nouveau_dataset/H/Fog(b).png", "genre": [1, -1, -1]}, {"image": "nouveau_dataset/H/28_jours_plus_tard.png", "genre": [1, -1, -1]}, {"image": "nouveau_dataset/H/#Alive.png", "genre": [1, 1, -1]}, {"image": "nouveau_dataset/H/Escape_Game.png", "genre": [1, 1, -1]}, {"image": "nouveau_dataset/H/Maximum_Overdrive.png", "genre": [1, 1, 1]}, {"image": "nouveau_dataset/H/Paradise_Lost.png", "genre": [1, -1, -1]}, {"image": "nouveau_dataset/H/Docteur_Frankenstein.png", "genre": [1, -1, -1]}, {"image": "nouveau_dataset/H/I_See_You.png", "genre": [1, -1, -1]}, {"image": "nouveau_dataset/H/La_colline_a_des_yeux(b).png", "genre": [1, -1, -1]}, {"image": "nouveau_dataset/H/A_Cure_for_Life.png", "genre": [1, -1, -1]}, {"image": "nouveau_dataset/H/La_locataire.png", "genre": [1, -1, -1]}, {"image": "nouveau_dataset/H/Evil_Dead(b).png", "genre": [1, -1, -1]}, {"image": "nouveau_dataset/H/Les_dents_de_la_mer_3.png", "genre": [1, -1, -1]}, {"image": "nouveau_dataset/H/Resident_Evil_Chapitre_final.png", "genre": [1, 1, -1]}, {"image": "nouveau_dataset/H/Le_pacte_du_sang.png", "genre": [1, 1, -1]}, {"image": "nouveau_dataset/H/Ring.png", "genre": [1, -1, -1]}, {"image": "nouveau_dataset/H/Simetierre(b).png", "genre": [1, -1, -1]}, {"image": "nouveau_dataset/H/Hurlements.png", "genre": [1, -1, -1]}, {"image": "nouveau_dataset/H/Maniac.png", "genre": [1, -1, -1]}, {"image": "nouveau_dataset/H/Rubber.png", "genre": [1, -1, 1]}, {"image": "nouveau_dataset/H/Krampus.png", "genre": [1, -1, 1]}, {"image": "nouveau_dataset/H/Jason_va_en_enfer.png", "genre": [1, -1, -1]}, {"image": "nouveau_dataset/H/Chair_de_Poule_-_Le_Film.png", "genre": [1, -1, 1]}, {"image": "nouveau_dataset/H/Les_diaboliques.png", "genre": [1, -1, -1]}, {"image": "nouveau_dataset/H/Cry_Wolf.png", "genre": [1, -1, -1]}, {"image": "nouveau_dataset/H/Bubba_Ho-Tep.png", "genre": [1, -1, 1]}, {"image": "nouveau_dataset/H/Freddy__Les_Griffes_de_la_nuit.png", "genre": [1, -1, -1]}, {"image": "nouveau_dataset/H/Mimic.png", "genre": [1, -1, -1]}, {"image": "nouveau_dataset/H/Hotel_Transylvanie_3_Des_vacances_monstrueuses.png", "genre": [1, -1, 1]}, {"image": "nouveau_dataset/H/Stigmata.png", "genre": [1, -1, -1]}, {"image": "nouveau_dataset/H/It_Follows.png", "genre": [1, -1, -1]}, {"image": "nouveau_dataset/H/Audition.png", "genre": [1, -1, -1]}, {"image": "nouveau_dataset/H/Meurtres_\u00e0_la_Saint-Valentin.png", "genre": [1, -1, -1]}, {"image": "nouveau_dataset/H/Priest.png", "genre": [1, 1, -1]}, {"image": "nouveau_dataset/H/Resident_Evil.png", "genre": [1, 1, -1]}, {"image": "nouveau_dataset/H/Housebound.png", "genre": [1, -1, 1]}, {"image": "nouveau_dataset/H/La_main_qui_tue.png", "genre": [1, -1, 1]}, {"image": "nouveau_dataset/H/Annabelle_2__La_Cr\u00e9ation_du_mal.png", "genre": [1, -1, -1]}, {"image": "nouveau_dataset/H/Motel.png", "genre": [1, -1, -1]}, {"image": "nouveau_dataset/H/Hellraiser_2_Les_\u00c9corch\u00e9s.png", "genre": [1, -1, -1]}, {"image": "nouveau_dataset/H/Dracula.png", "genre": [1, -1, -1]}, {"image": "nouveau_dataset/H/Gremlins_2__La_Nouvelle_G\u00e9n\u00e9ration.png", "genre": [1, -1, 1]}, {"image": "nouveau_dataset/H/Parano\u00efa.png", "genre": [1, -1, -1]}, {"image": "nouveau_dataset/H/Le_rite.png", "genre": [1, -1, -1]}, {"image": "nouveau_dataset/H/Hostel_-_chapitre_II.png", "genre": [1, -1, -1]}, {"image": "nouveau_dataset/H/Black_Christmas.png", "genre": [1, -1, -1]}, {"image": "nouveau_dataset/H/Cujo.png", "genre": [1, -1, -1]}, {"image": "nouveau_dataset/H/American_Nightmare.png", "genre": [1, -1, -1]}, {"image": "nouveau_dataset/H/Goodnight_Mommy.png", "genre": [1, -1, -1]}, {"image": "nouveau_dataset/H/Le_cauchemar_de_Freddy.png", "genre": [1, -1, -1]}, {"image": "nouveau_dataset/H/Solomon_Kane.png", "genre": [1, 1, -1]}, {"image": "nouveau_dataset/H/Nosferatu_le_vampire.png", "genre": [1, -1, -1]}, {"image": "nouveau_dataset/H/Lake_Placid.png", "genre": [1, 1, 1]}, {"image": "nouveau_dataset/H/Midsommar.png", "genre": [1, -1, -1]}, {"image": "nouveau_dataset/H/Evil_Dead.png", "genre": [1, -1, -1]}, {"image": "nouveau_dataset/H/Spawn.png", "genre": [1, 1, -1]}, {"image": "nouveau_dataset/H/Lords_of_Salem.png", "genre": [1, -1, -1]}, {"image": "nouveau_dataset/H/Countdown.png", "genre": [1, -1, -1]}, {"image": "nouveau_dataset/H/I_Spit_on_Your_Grave.png", "genre": [1, -1, -1]}, {"image": "nouveau_dataset/H/47_Meters_Down.png", "genre": [1, -1, -1]}, {"image": "nouveau_dataset/H/Frankenstein.png", "genre": [1, -1, -1]}, {"image": "nouveau_dataset/H/Paranormal_Activity_2.png", "genre": [1, -1, -1]}, {"image": "nouveau_dataset/H/Le_bon_ap\u00f4tre.png", "genre": [1, -1, -1]}, {"image": "nouveau_dataset/H/2\u00e8me_sous-sol.png", "genre": [1, -1, -1]}, {"image": "nouveau_dataset/H/La_maison_de_cire.png", "genre": [1, -1, -1]}, {"image": "nouveau_dataset/H/Fog.png", "genre": [1, -1, -1]}, {"image": "nouveau_dataset/H/Chromosome_3.png", "genre": [1, -1, -1]}, {"image": "nouveau_dataset/H/La_voix_des_morts.png", "genre": [1, -1, -1]}, {"image": "nouveau_dataset/H/Le_Pacte.png", "genre": [1, -1, -1]}, {"image": "nouveau_dataset/H/La_cabane_dans_les_bois.png", "genre": [1, -1, -1]}, {"image": "nouveau_dataset/H/Coherence.png", "genre": [1, -1, -1]}, {"image": "nouveau_dataset/H/La_mutante_2.png", "genre": [1, 1, -1]}, {"image": "nouveau_dataset/H/Ph\u00e9nom\u00e8nes_paranormaux.png", "genre": [1, -1, -1]}, {"image": "nouveau_dataset/H/R\u00e9pulsion.png", "genre": [1, -1, -1]}, {"image": "nouveau_dataset/H/Hostel.png", "genre": [1, -1, -1]}, {"image": "nouveau_dataset/H/Plan_9_from_Outer_Space.png", "genre": [1, -1, -1]}, {"image": "nouveau_dataset/H/Destination_finale.png", "genre": [1, -1, -1]}, {"image": "nouveau_dataset/H/La_derni\u00e8re_maison_sur_la_gauche.png", "genre": [1, -1, -1]}, {"image": "nouveau_dataset/H/Predator_2.png", "genre": [1, 1, -1]}, {"image": "nouveau_dataset/H/Manos_The_Hands_of_Fate.png", "genre": [1, -1, -1]}, {"image": "nouveau_dataset/H/From_Hell.png", "genre": [1, -1, -1]}, {"image": "nouveau_dataset/H/Black_Christmas(b).png", "genre": [1, -1, -1]}]